{"0000.npy": [0.6131157051481372, 0.026661852198795733, 0.12850355832043694, -25.112954690850643, 0.02522059716284275], "0001.npy": [0.6071602765387314, 0.02922410217520863, 0.12843163325432133, 60.091703730593395, 0.025219283998012543], "0002.npy": [0.5799958391939484, 0.014148361498075683, 0.1275457332935938, 15.719682824318056, 0.005202113185077906], "0003.npy": [0.6064471917990587, 0.049763218660814075, 0.12877717059397734, -66.81764575744455, 0.004961773287504911], "0004.npy": [0.6328107849262157, 0.03252376991631209, 0.1293395714292809, 11.295679695715762, 0.004953236784785986], "0005.npy": [0.6081625846286963, -0.008969603685329846, 0.12785014735872846, -82.4378587163655, 0.005238886456936598], "0006.npy": [0.6021082039601191, 0.021745300200936204, 0.1298259177910887, -31.98076630874732, 0.02519235946238041], "0007.npy": [0.6024291248893912, 0.02196946979714845, 0.12766615131035255, 56.23770349169223, 0.02516740746796131]}