{"0000.npy": [0.631434015053734, 0.03097455522832583, 0.12832874425808055, -53.09182736049536, 0.025259995833039284], "0001.npy": [0.6285987788148717, 0.03027917597446146, 0.12822771104817315, 26.755579714090686, 0.024234939366579056], "0002.npy": [0.6085405204281763, 0.034427120094031614, 0.12792960503176456, -24.065622345643988, 0.005261213518679142], "0003.npy": [0.6426513520451136, 0.04921544095188384, 0.12868647641201406, 76.88001546407526, 0.005094420164823532], "0004.npy": [0.6559883546718215, 0.017075164965620192, 0.12971740335278786, -37.5233017802027, 0.00505764689296484], "0005.npy": [0.6131773206330383, 0.003946056731299425, 0.12912668307990463, 67.31686121653576, 0.0051462966948747635], "0006.npy": [0.6279888723716707, 0.028886661256017902, 0.12943444651434324, -67.80946295242029, 0.027189282700419426], "0007.npy": [0.6280285176900225, 0.026835534740954306, 0.12847265252576784, 15.364962272480284, 0.02519235946238041]}