{"0000.npy": [0.5927612292460366, 0.008380362913851643, 0.12893890687032764, 38.14336742586784, 0.025177257135510445], "0001.npy": [0.5948615895253828, 0.00796954270841058, 0.1284270106734921, -55.67068324202009, 0.024224434047937393], "0002.npy": [0.5889275847083792, -0.018092732801951374, 0.12824843730180183, 80.98164648331877, 0.005240856669843197], "0003.npy": [0.5719244933431655, 0.021603983151378382, 0.1285886046787819, -13.607738359688739, 0.004974250216037035], "0004.npy": [0.6074090518428616, 0.029499356114127535, 0.1291050856132789, 56.58875772434013, 0.005088509991765022], "0005.npy": [0.6184438518405886, -0.005566968682814389, 0.1297168372005769, -20.294586153366225, 0.005204083397984505], "0006.npy": [0.5958079843031017, 0.0059525246713762955, 0.12838220513187443, 30.163167906726272, 0.025147706270217896], "0007.npy": [0.5932904399766038, 0.0010942645468699605, 0.1293029738386153, -65.5648895988457, 0.027195192873477936]}