{"0000.npy": [0.6018801119712001, 0.019024451392472306, 0.12850355832043694, 4.887045309149343, 0.02522059716284275], "0001.npy": [0.5954414345168235, 0.01826571065818901, 0.12843163325432133, -89.90829626940658, 0.025219283998012543], "0002.npy": [0.5794542120352972, -0.008372482421466014, 0.1275457332935938, 45.719682824318085, 0.005202113185077906], "0003.npy": [0.5845543267744132, 0.03569656493617473, 0.12877717059397734, -36.817645757444566, 0.004961773287504911], "0004.npy": [0.616005592529819, 0.03394856093977479, 0.1293395714292809, 41.29567969571576, 0.004953236784785986], "0005.npy": [0.615406311715421, -0.014309854836725436, 0.12785014735872846, -52.4378587163655, 0.005238886456936598], "0006.npy": [0.5948056123091188, 0.009262841869289773, 0.1298259177910887, -1.9807663087473486, 0.02519235946238041], "0007.npy": [0.5949714531883683, 0.009617438899001664, 0.12766615131035255, 86.23770349169223, 0.02516740746796131]}