{"0006.jpg": [0.6466461304736222, 0.03823018741929657, 0.21542044387180584, 59.685476123971625, 0.008], "0002.jpg": [0.6455859043386453, 0.043408200405350955, 0.21553515611590687, -31.71294673887121, 0.02], "0003.jpg": [0.645240095379083, 0.04267460546428817, 0.2151686936200616, 62.60302829678449, 0.035], "0007.jpg": [0.6544288361029059, 0.06034233762727756, 0.21599355525153133, 17.335813200279745, 0.009], "0000.jpg": [0.6393919810766076, 0.030378244973677332, 0.21583038259214654, -75.02859652866488, 0.01], "0001.jpg": [0.6601456754015885, 0.05932321816508811, 0.21479437095187176, -66.17975585052744, 0.009], "0005.jpg": [0.6441912441851845, 0.03513915519506601, 0.21520653924578392, 7.798296907668885, 0.008]}