{"0000.npy": [0.6530004891840654, -0.008736440417352017, 0.12879823488967918, 34.4743995042827, 0.02523241750895977], "0001.npy": [0.652574141252814, -0.0073347438070455835, 0.12838815290034952, -67.2868602402246, 0.030506106093525887], "0002.npy": [0.655406693364067, 0.013191113793739948, 0.12799934630608778, 69.56757046487098, 0.015284573659300804], "0003.npy": [0.6755250470098625, -0.013313542919600628, 0.128340648740235, -11.407846520270652, 0.007210856769233942], "0004.npy": [0.6437475609189461, -0.030877719590473605, 0.12874868080798701, 68.6050215807449, 0.004930253140628338], "0005.npy": [0.624429903852809, 0.004057012627200866, 0.13052835284605188, -14.2873881326299, 0.0052434834651649], "0006.npy": [0.6492741252190022, -0.003248290352259985, 0.12809090534513848, 31.94545943745095, 0.02522191032767296], "0007.npy": [0.6542202709350549, -0.001435629556259648, 0.12824181717084712, -67.01633409747421, 0.025189733132719994]}