{"0006.jpg": [0.667260843482643, 0.011719235517903558, 0.21554639253330823, -0.7850420671458096, 0.02], "0002.jpg": [0.6655475914733302, 0.011869276027934188, 0.2153239544535701, -86.97842437401852, 0.015], "0003.jpg": [0.6665332559652948, 0.011780033208029148, 0.2154603485024937, 10.21124350352602, 0.03], "0000.jpg": [0.6899194380972039, 0.01624073354669269, 0.2159462696335984, -33.19601048464733, 0.02], "0001.jpg": [0.6836890312952427, 0.01112180966182556, 0.2154560302618122, 49.921199595539576, 0.008], "0005.jpg": [0.6826857785200449, 0.0158291474856018, 0.2158449274266988, -41.65446220586179, 0.01]}