{"0000.npy": [0.5965287042203082, 0.021368256547698933, 0.12879823488967918, 4.4743995042826725, 0.02523241750895977], "0001.npy": [0.5961970840544697, 0.01994117770914933, 0.12838815290034952, 82.7131397597754, 0.030506106093525887], "0002.npy": [0.5834810931681886, 0.0035815396480336223, 0.12799934630608778, 39.56757046487101, 0.015284573659300804], "0003.npy": [0.5793104161852807, 0.036594422503270115, 0.128340648740235, -41.40784652027064, 0.007210856769233942], "0004.npy": [0.6156126147438574, 0.035916702651345875, 0.12874868080798701, 38.6050215807449, 0.004930253140628338], "0005.npy": [0.6148748303958909, -0.0039964914566354105, 0.13052835284605188, -44.28738813262989, 0.0052434834651649], "0006.npy": [0.597011755045254, 0.014752197189016379, 0.12809090534513848, 1.9454594374509782, 0.02522191032767296], "0007.npy": [0.5918219368063325, 0.01565545974926234, 0.12824181717084712, 82.98366590252579, 0.025189733132719994]}