{"0000.npy": [0.6310793771972597, 0.02967538451412803, 0.1282917012481149, -52.5017365821779, 0.025254087522625923], "0001.npy": [0.6314385174585893, 0.029997642256043133, 0.1280966840269362, 30.199932696274857, 0.025217970833182335], "0002.npy": [0.6098788105644009, 0.03324349227580741, 0.127825894453419, -13.099741904781638, 0.0052244397811591625], "0003.npy": [0.6417686078429403, 0.05079193932030323, 0.1287924087751485, 77.42644215210578, 0.005098360124975443], "0004.npy": [0.6554850328486862, 0.01853227732067407, 0.1287510613681596, -28.15366040697063, 0.004754266701638699], "0005.npy": [0.6141268412222682, 0.004060870655638437, 0.12922449442900277, 72.40978204885664, 0.0052454532124102116], "0006.npy": [0.6293603745195431, 0.0249103668212772, 0.12823822121232775, -66.49728724423773, 0.025149676948785782], "0007.npy": [0.626565483338309, 0.030475599447852397, 0.12798194153487302, 20.59039074515789, 0.024152856320142746]}