{"0000.npy": [0.6218502586976471, -0.02965749074778005, 0.12847104117251726, -54.05494163707806, 0.025263279676437378], "0001.npy": [0.623682770328366, -0.02868762114160538, 0.12817935645959033, 28.61555186738684, 0.0252035241574049], "0002.npy": [0.6476990884568267, -0.03733315438871742, 0.12761391332455968, -10.512765630968204, 0.005296673160046339], "0003.npy": [0.6041153946863864, -0.04769909193578023, 0.12871398862784802, 69.2778359775318, 0.004796293564140797], "0004.npy": [0.5989182957462446, -0.018107362227882666, 0.12881744937354897, -34.03874928659843, 0.004926970228552818], "0005.npy": [0.637906510942801, -0.009704888607541134, 0.127748900670165, 63.818959444281745, 0.005282226484268904], "0006.npy": [0.6232025992887245, -0.03063213878128059, 0.13026470920783081, -74.75432617276238, 0.026173420250415802], "0007.npy": [0.6214352081639902, -0.031819053093345304, 0.12812086359597644, 11.947293852682094, 0.027172867208719254]}