{"0000.npy": [0.5993110816592995, -0.011706155574893368, 0.12847104117251726, 65.94505836292194, 0.025263279676437378], "0001.npy": [0.6010672691919646, -0.012808222396739094, 0.12817935645959033, -31.38444813261316, 0.0252035241574049], "0002.npy": [0.6055881768349329, -0.037929730624910764, 0.12761391332455968, -70.5127656309682, 0.005296673160046339], "0003.npy": [0.5748191646999135, -0.005368113402479308, 0.12871398862784802, 9.277835977531794, 0.004796293564140797], "0004.npy": [0.5978478048988045, 0.013928571159613535, 0.12881744937354897, 85.96125071340157, 0.004926970228552818], "0005.npy": [0.6246186681069271, -0.015634976838648135, 0.127748900670165, 3.818959444281745, 0.005282226484268904], "0006.npy": [0.5991431819980781, -0.013364640898085488, 0.13026470920783081, 45.245673827237624, 0.026173420250415802], "0007.npy": [0.5972315884893477, -0.012427492441674858, 0.12812086359597644, -48.052706147317906, 0.027172867208719254]}