{"0000.npy": [0.6486661595083899, -0.01911365843861946, 0.12847104117251726, 5.945058362921941, 0.025263279676437378], "0001.npy": [0.6487424836064437, -0.01704172201059907, 0.12817935645959033, 88.61555186738684, 0.0252035241574049], "0002.npy": [0.668237894091936, -0.000565747029539415, 0.12761391332455968, 49.487234369031796, 0.005296673160046339], "0003.npy": [0.6554232124565152, -0.04349330179903369, 0.12871398862784802, -50.722164022468206, 0.004796293564140797], "0004.npy": [0.6271974733174823, -0.03319825665322896, 0.12881744937354897, 25.96125071340157, 0.004926970228552818], "0005.npy": [0.6394148253059162, 0.00476776496537424, 0.127748900670165, -56.181040555718255, 0.005282226484268904], "0006.npy": [0.6501863997606886, -0.01842982114892786, 0.13026470920783081, -14.754326172762376, 0.026173420250415802], "0007.npy": [0.6503306021446849, -0.020553883917403207, 0.12812086359597644, 71.9472938526821, 0.027172867208719254]}