{"0000.npy": [0.6155831501608817, 0.025653577545010037, 0.12847104117251726, -24.05494163707806, 0.025263279676437378], "0001.npy": [0.614481083339036, 0.023897390012344893, 0.12817935645959033, 58.61555186738684, 0.0252035241574049], "0002.npy": [0.5893595751108642, 0.01937648236937655, 0.12761391332455968, 19.487234369031796, 0.005296673160046339], "0003.npy": [0.6219211923332958, 0.05014549450439606, 0.12871398862784802, -80.72216402246818, 0.004796293564140797], "0004.npy": [0.6412178768953886, 0.027116854305505023, 0.12881744937354897, -4.038749286598431, 0.004926970228552818], "0005.npy": [0.6116543288971269, 0.0003459910973824037, 0.127748900670165, -86.18104055571825, 0.005282226484268904], "0006.npy": [0.6139246648376896, 0.025821477206231364, 0.13026470920783081, -44.754326172762376, 0.026173420250415802], "0007.npy": [0.6148618132941002, 0.027733070714961845, 0.12812086359597644, 41.947293852682094, 0.027172867208719254]}