{"0000.npy": [0.6366210041290354, -0.03308710395989372, 0.12832874425808055, -23.09182736049536, 0.025259995833039284], "0001.npy": [0.6387287011106884, -0.031067269741351336, 0.12822771104817315, 56.755579714090686, 0.024234939366579056], "0002.npy": [0.6581736344890239, -0.024630365529029682, 0.12792960503176456, 5.9343776543560125, 0.005261213518679142], "0003.npy": [0.6360269481934688, -0.05449284287971365, 0.12868647641201406, -73.11998453592474, 0.005094420164823532], "0004.npy": [0.6084066271152682, -0.03332704870432034, 0.12971740335278786, -7.523301780202701, 0.00505764689296484], "0005.npy": [0.6389175160379743, -0.0005513904249715034, 0.12912668307990463, -82.68313878346424, 0.0051462966948747635], "0006.npy": [0.6385606382252104, -0.029556363398435, 0.12943444651434324, -37.80946295242029, 0.027189282700419426], "0007.npy": [0.6375007411148448, -0.027799858389190007, 0.12847265252576784, 45.364962272480284, 0.02519235946238041]}