{"0000.npy": [0.6453344015060235, -0.01691322239357362, 0.12809397106876066, 1.4127867357238983, 0.02516872063279152], "0001.npy": [0.6497991303824379, -0.013485044095668334, 0.12823661294101382, 84.33995471770947, 0.025219939649105072], "0002.npy": [0.6676680226156082, 0.0038115229225164, 0.12750817234733097, 44.99602254313129, 0.005147609859704971], "0003.npy": [0.6557897192890983, -0.039397692107522655, 0.1291253886140495, -45.33797933678633, 0.004905300214886665], "0004.npy": [0.6203208146298463, -0.026619880781791137, 0.12946296189058318, 25.765289704592078, 0.00523757329210639], "0005.npy": [0.6361889978825113, 0.011735491075158979, 0.1287862275236768, -61.20340557111558, 0.00526252668350935], "0006.npy": [0.6433109159216442, -0.011072424494863328, 0.1279433940877264, -11.633187088330772, 0.0232387762516737], "0007.npy": [0.6480612287203118, -0.0076336033346129165, 0.12848865726516953, 74.48208561071777, 0.025143109261989594]}