{"0006.jpg": [0.6026082306073275, 0.015248603375907275, 0.21554639253330823, -0.7850420671457954, 0.02], "0002.jpg": [0.6043214826166403, 0.015098562865876654, 0.2153239544535701, -86.97842437401852, 0.015], "0003.jpg": [0.6033358181246757, 0.015187805685781684, 0.2154603485024937, 10.211243503526006, 0.03], "0000.jpg": [0.5799496359927666, 0.010727105347118135, 0.2159462696335984, -33.19601048464733, 0.02], "0001.jpg": [0.5861800427947278, 0.015846029231985283, 0.2154560302618122, 49.921199595539576, 0.008], "0005.jpg": [0.5871832955699257, 0.011138691408209035, 0.2158449274266988, -41.65446220586178, 0.01]}