{"0006.jpg": [0.6061976768856165, 0.008759404025095386, 0.21535796493612427, 3.5581468017574593, 0.01], "0002.jpg": [0.603563631233288, 0.011979761384196857, 0.2153062946932541, 89.41734962013817, 0.035], "0003.jpg": [0.6075047400551475, 0.01171767379530124, 0.215240303336653, -3.089765328857709, 0.03], "0007.jpg": [0.5808468789036194, 0.007688419270760344, 0.21541128122847814, -47.89566124701736, 0.007], "0000.jpg": [0.6208363571197749, 0.009770795834928245, 0.2156636089574904, 34.30856552530558, 0.007], "0001.jpg": [0.5834595005029014, 0.012757842363865715, 0.2147562560283312, 44.368614111422545, 0.006], "0005.jpg": [0.6104803921352373, 0.011161464260485619, 0.21517342295818734, -52.63332679471874, 0.005]}