{"0000.npy": [0.644078317642929, 0.02137685377261484, 0.12847104117251726, -84.05494163707806, 0.025263279676437378], "0001.npy": [0.6420063812149086, 0.021453177870668645, 0.12817935645959033, -1.3844481326131586, 0.0252035241574049], "0002.npy": [0.6255304062338489, 0.04094858835616098, 0.12761391332455968, -40.512765630968204, 0.005296673160046339], "0003.npy": [0.6684579610033432, 0.028133906720740186, 0.12871398862784802, 39.27783597753182, 0.004796293564140797], "0004.npy": [0.6581629158575385, -9.18324182927427e-05, 0.12881744937354897, -64.03874928659843, 0.004926970228552818], "0005.npy": [0.6201968942389353, 0.012125519570141154, 0.127748900670165, 33.818959444281745, 0.005282226484268904], "0006.npy": [0.6433944803532374, 0.022897094024913543, 0.13026470920783081, 75.24567382723762, 0.026173420250415802], "0007.npy": [0.6455185431217128, 0.023041296408909808, 0.12812086359597644, -18.052706147317906, 0.027172867208719254]}