{"0000.npy": [0.6266647146691137, 0.027658238727487017, 0.12850355832043694, -55.11295469085064, 0.02522059716284275], "0001.npy": [0.62278828719115, 0.03285492660260958, 0.12843163325432133, 30.091703730593395, 0.025219283998012543], "0002.npy": [0.5917253240324907, 0.033381170867737515, 0.1275457332935938, -14.280317175681944, 0.005202113185077906], "0003.npy": [0.632440295934345, 0.050998865620268015, 0.12877717059397734, 83.18235424255545, 0.004961773287504911], "0004.npy": [0.6466521129452489, 0.02288726849671104, 0.1293395714292809, -18.704320304284238, 0.004953236784785986], "0005.npy": [0.604559458529209, -0.0007229469822697945, 0.12785014735872846, 67.5621412836345, 0.005238886456936598], "0006.npy": [0.6146736630091728, 0.02890413039232258, 0.1298259177910887, -61.98076630874732, 0.02519235946238041], "0007.npy": [0.6150636734846345, 0.028937806492762473, 0.12766615131035255, 26.23770349169223, 0.02516740746796131]}