{"0000.npy": [0.650791639110926, -0.023300824033478437, 0.12832874425808055, 6.908172639504642, 0.025259995833039284], "0001.npy": [0.6516070411312459, -0.020497747797961218, 0.12822771104817315, 86.75557971409069, 0.024234939366579056], "0002.npy": [0.6652283953056196, -0.005200758539195847, 0.12792960503176456, 35.93437765435601, 0.005261213518679142], "0003.npy": [0.6609800410393663, -0.04213576569260312, 0.12868647641201406, -43.11998453592474, 0.005094420164823532], "0004.npy": [0.626477244237265, -0.03761581078454014, 0.12971740335278786, 22.4766982197973, 0.00505764689296484], "0005.npy": [0.6365126199966994, 0.006024186372486822, 0.12912668307990463, -52.683138783464244, 0.0051462966948747635], "0006.npy": [0.6507060412315305, -0.019273295964995607, 0.12943444651434324, -7.80946295242029, 0.027189282700419426], "0007.npy": [0.6489098909039337, -0.018282066560297648, 0.12847265252576784, 75.36496227248028, 0.02519235946238041]}