{"0006.jpg": [0.6185771810209347, -0.015037520266380777, 0.2153914051807992, 61.59195585083455, 0.008], "0002.jpg": [0.6181055597260668, -0.01590789278220735, 0.2153172844253757, -31.903219496588378, 0.03], "0003.jpg": [0.6157451160070964, -0.01342556068570602, 0.21532487164904696, 60.87840802830203, 0.025], "0007.jpg": [0.6090677640763877, -0.033429734883341125, 0.21550834705430266, 17.223455975696467, 0.008], "0000.jpg": [0.6060736098449989, -0.028769718220844374, 0.21493684696561152, -64.27026899311673, 0.006], "0001.jpg": [0.6225873132650168, -0.006313631263463196, 0.21584826620301395, -66.39750439242621, 0.007], "0005.jpg": [0.6219427719041746, -0.004382339873027854, 0.21552005531879861, 12.931387943096738, 0.008]}