{"0002.jpg": [0.6436794983569244, -0.014585264207243803, 0.21549339782810017, -62.729387255750794, 0.007], "0003.jpg": [0.6457166919120771, -0.0186263515871793, 0.21537415781630864, 26.86709218383038, 0.02], "0000.jpg": [0.642883219086082, -0.012880604914424141, 0.21550565078236858, -57.43276534340447, 0.035]}