{"0000.npy": [0.65473062093602, 0.008283360198088143, 0.1282917012481149, 67.4982634178221, 0.025254087522625923], "0001.npy": [0.6551892744577494, 0.008133464479212576, 0.1280966840269362, -29.800067303725143, 0.025217970833182335], "0002.npy": [0.6472204095846453, 0.02842764335760834, 0.127825894453419, -73.09974190478164, 0.0052244397811591625], "0003.npy": [0.6783627091614144, 0.00958449231510527, 0.1287924087751485, 17.42644215210578, 0.005098360124975443], "0004.npy": [0.657283234855109, -0.0184241111887894, 0.1287510613681596, -88.15366040697063, 0.004754266701638699], "0005.npy": [0.6240715332414837, 0.010157430081755547, 0.12922449442900277, 12.409782048856641, 0.0052454532124102116], "0006.npy": [0.6497444932256705, 0.007389551339738799, 0.12823822121232775, 53.502712755762275, 0.025149676948785782], "0007.npy": [0.6531666804676376, 0.012592614416788281, 0.12798194153487302, -39.40960925484211, 0.024152856320142746]}