{"0000.npy": [0.6168342702971902, -0.023903739725722628, 0.12850355832043694, -55.11295469085064, 0.02522059716284275], "0001.npy": [0.6207106977751539, -0.02910042760084519, 0.12843163325432133, 30.091703730593423, 0.025219283998012543], "0002.npy": [0.6517736609338132, -0.029626671865973134, 0.1275457332935938, -14.280317175681915, 0.005202113185077906], "0003.npy": [0.6110586890319588, -0.047244366618503626, 0.12877717059397734, 83.18235424255545, 0.004961773287504911], "0004.npy": [0.5968468720210549, -0.01913276949494666, 0.1293395714292809, -18.704320304284238, 0.004953236784785986], "0005.npy": [0.6389395264370948, 0.004477445984034183, 0.12785014735872846, 67.5621412836345, 0.005238886456936598], "0006.npy": [0.628825321957131, -0.025149631390558192, 0.1298259177910887, -61.98076630874735, 0.02519235946238041], "0007.npy": [0.6284353114816693, -0.025183307490998084, 0.12766615131035255, 26.23770349169223, 0.02516740746796131]}