{"0000.npy": [0.6183915726683925, -0.025390402584315575, 0.12871085285720735, -55.2629309683245, 0.025204837322235107], "0001.npy": [0.6220590672705453, -0.029731377983257708, 0.12842489423779702, 34.93680821089217, 0.03049756959080696], "0002.npy": [0.6422258629418032, -0.029369397685088346, 0.12786268960051442, -3.3635538886323957, 0.0052697500213980675], "0003.npy": [0.6088502224431844, -0.049784501170466205, 0.1283441251411584, 84.18245760016299, 0.004976876545697451], "0004.npy": [0.5943670620509526, -0.016182091996477976, 0.12900751543120542, -27.14239740389158, 0.004698450211435556], "0005.npy": [0.6264985930507702, -0.002517900454466322, 0.12985437677508388, 76.07739252137796, 0.005231006536632776], "0006.npy": [0.6176009455565422, -0.025373338901100998, 0.1281688778697756, -57.79105772821032, 0.023166542872786522], "0007.npy": [0.6220256775704499, -0.025821870532441397, 0.12803954524271965, 28.90513673148689, 0.025158213451504707]}