{"0000.npy": [0.6142687452084528, 0.029584705694449744, 0.12832874425808055, -23.09182736049536, 0.025259995833039284], "0001.npy": [0.6121610482267998, 0.027564871475907363, 0.12822771104817315, 56.755579714090686, 0.024234939366579056], "0002.npy": [0.5927161148484643, 0.021127967263585685, 0.12792960503176456, 5.9343776543560125, 0.005261213518679142], "0003.npy": [0.6148628011440194, 0.05099044461426968, 0.12868647641201406, -73.11998453592474, 0.005094420164823532], "0004.npy": [0.64248312222222, 0.029824650438876367, 0.12971740335278786, -7.523301780202701, 0.00505764689296484], "0005.npy": [0.6119722332995139, -0.002951007840472469, 0.12912668307990463, -82.68313878346424, 0.0051462966948747635], "0006.npy": [0.6123291111122778, 0.026053965132991012, 0.12943444651434324, -37.80946295242029, 0.027189282700419426], "0007.npy": [0.6133890082226434, 0.024297460123746034, 0.12847265252576784, 45.364962272480284, 0.02519235946238041]}