{"0000.npy": [0.6336927584601644, -0.023803296910742695, 0.12871085285720735, -25.262930968324497, 0.025204837322235107], "0001.npy": [0.639039389653342, -0.025728944582353513, 0.12842489423779702, 64.93680821089217, 0.03049756959080696], "0002.npy": [0.6563233568684967, -0.015332062612840425, 0.12786268960051442, 26.636446111367604, 0.0052697500213980675], "0003.npy": [0.6376267560718052, -0.04969988110137522, 0.1283441251411584, -65.81754239983701, 0.004976876545697451], "0004.npy": [0.6082827666580536, -0.027840921324458104, 0.12900751543120542, 2.8576025961084497, 0.004698450211435556], "0005.npy": [0.6292773929953771, 5.8381173009275453e-05, 0.12985437677508388, -73.92260747862204, 0.005231006536632776], "0006.npy": [0.6329995234547741, -0.024183832883521876, 0.1281688778697756, -27.79105772821032, 0.023166542872786522], "0007.npy": [0.6370557195994265, -0.022359906663709708, 0.12803954524271965, 58.90513673148689, 0.025158213451504707]}