{"0006.jpg": [0.6476007058021835, 0.03574076686689543, 0.21535796493612427, 63.55814680175746, 0.01], "0002.jpg": [0.6517066399105939, 0.03641173863698913, 0.2153062946932541, -30.582650379861832, 0.035], "0003.jpg": [0.6495091109896639, 0.03312968207262768, 0.215240303336653, 56.91023467114229, 0.03], "0007.jpg": [0.6593486047888621, 0.058230694302679714, 0.21541128122847814, 12.104338752982642, 0.007], "0000.jpg": [0.6411572566855992, 0.02255760200132073, 0.2156636089574904, -85.6914344746944, 0.007], "0001.jpg": [0.6624325431703819, 0.05343338608067289, 0.2147562560283312, -75.63138588857748, 0.006], "0005.jpg": [0.6475395933626416, 0.030830796545853707, 0.21517342295818734, 7.366673205281245, 0.005]}