{"0000.jpg": [0.5994910468035912, 0.00915843982247565, 0.21542044387180584, 0.03740165305330834, 1.7388341071252305, -0.3145238760283604, 0.008], "0001.jpg": [0.5953450003431927, 0.013077160799745573, 0.21553515611590687, 358.8478016143363, 1.1663849199938565, 88.28705326112879, 0.02], "0002.jpg": [0.5962020947546675, 0.014389693920593194, 0.2151686936200616, 0.01267505920873191, -1.9255574017417991, 2.603028296784501, 0.035], "0003.jpg": [0.5781024319474358, 0.026570775205586407, 0.21599355525153133, 1.8988823769243766, -1.5817852163417752, -42.664186799720234, 0.009], "0004.jpg": [0.6199250918731946, 0.03006367573342717, 0.21583038259214654, 359.47002882450363, 2.235357415212788, 44.97140347133512, 0.01], "0005.jpg": [0.5766793843056988, -0.0036901769055364907, 0.21479437095187176, 359.3473743625103, 0.8775282154423063, 53.82024414947256, 0.009], "0006.jpg": [0.6135735386255876, -0.008567732536243258, 0.21520653924578392, 0.733864294027228, 0.5241510663698249, -52.2017030923311, 0.008]}