{"0000.npy": [0.6465340951810654, 0.010511036835896909, 0.12850355832043694, 64.88704530914936, 0.02522059716284275], "0001.npy": [0.6490963451574784, 0.016466465445302773, 0.12843163325432133, -29.908296269406577, 0.025219283998012543], "0002.npy": [0.6340206044803454, 0.04363090279008573, 0.1275457332935938, -74.28031717568194, 0.005202113185077906], "0003.npy": [0.6696354616430837, 0.017179550184975495, 0.12877717059397734, 23.182354242555448, 0.004961773287504911], "0004.npy": [0.6523960128985818, -0.009184042942181548, 0.1293395714292809, -78.70432030428424, 0.004953236784785986], "0005.npy": [0.6109026392969399, 0.015464157355337835, 0.12785014735872846, 7.562141283634503, 0.005238886456936598], "0006.npy": [0.641617543183206, 0.02151853802391499, 0.1298259177910887, 58.01923369125268, 0.02519235946238041], "0007.npy": [0.6418417127794181, 0.02119761709464302, 0.12766615131035255, -33.76229650830777, 0.02516740746796131]}