{"0006.jpg": [0.6452008472077665, -0.015052556788089696, 0.2161401305034559, -59.864626116835666, 0.007], "0002.jpg": [0.6492541761121275, -0.015421612310157373, 0.21522237558271867, 28.92872539417459, 0.035], "0003.jpg": [0.647100913917692, -0.018826055656320638, 0.21593787960482466, -56.619229105785735, 0.027], "0007.jpg": [0.6603612757619596, -0.03297464390699292, 0.215202746377829, 75.29762572512664, 0.008], "0000.jpg": [0.6407766128305767, -0.00285191604994528, 0.215829943063775, -15.627206097436869, 0.01], "0001.jpg": [0.6417154491951635, -0.007428283304275751, 0.2151702824458534, 62.01233396808618, 0.0075], "0005.jpg": [0.6565138320547513, -0.03684686803125556, 0.21536799009049803, -8.826564189647684, 0.01]}