{"0000.npy": [0.6304037062424375, 0.02733284421631452, 0.12847104117251726, -54.05494163707806, 0.025263279676437378], "0001.npy": [0.6285711946117185, 0.02636297461013985, 0.12817935645959033, 28.61555186738684, 0.0252035241574049], "0002.npy": [0.6045548764832579, 0.035008507857251896, 0.12761391332455968, -10.512765630968204, 0.005296673160046339], "0003.npy": [0.6481385702536981, 0.045374445404314706, 0.12871398862784802, 69.27783597753182, 0.004796293564140797], "0004.npy": [0.65333566919384, 0.01578271569641713, 0.12881744937354897, -34.03874928659843, 0.004926970228552818], "0005.npy": [0.6143474539972835, 0.007380242076075602, 0.127748900670165, 63.818959444281745, 0.005282226484268904], "0006.npy": [0.6290513656513601, 0.028307492249815058, 0.13026470920783081, -74.75432617276238, 0.026173420250415802], "0007.npy": [0.6308187567760943, 0.029494406561879776, 0.12812086359597644, 11.947293852682094, 0.027172867208719254]}