{"0000.jpg": [0.6061921992235644, 0.011731696641971259, 0.21535796493612427, 359.8071607965825, 1.4577761466697354, 3.5581468017574593, 0.01], "0001.jpg": [0.6035553674320735, 0.00877699583479763, 0.2153062946932541, 358.9989975495372, 1.7623818858420774, 89.41734962013817, 0.035], "0002.jpg": [0.6077819910413916, 0.0061735451141121354, 0.215240303336653, 0.062293103512303105, 0.16721513804236562, -3.089765328857709, 0.03], "0003.jpg": [0.5843670905801641, 0.029623766291217792, 0.21541128122847814, 0.7131530833997317, -4.4752314171256735, -47.89566124701736, 0.007], "0004.jpg": [0.6267571553024224, 0.021666798042856764, 0.2156636089574904, 359.26333801597735, 0.25913351406290425, 34.30856552530558, 0.007], "0005.jpg": [0.5873025378973933, -0.00932406923794415, 0.2147562560283312, 359.7186224371334, -0.7870526786001051, 44.368614111422545, 0.006], "0006.jpg": [0.6236771380416717, -0.011277752727318284, 0.21517342295818734, 0.7093024763631774, 0.30741802823074343, -52.63332679471874, 0.005]}