{"0000.npy": [0.6176785479438901, -0.032681795619639915, 0.1282917012481149, -52.5017365821779, 0.025254087522625923], "0001.npy": [0.6173194076825606, -0.03300405336155502, 0.1280966840269362, 30.199932696274857, 0.025217970833182335], "0002.npy": [0.638879114576749, -0.03624990338131929, 0.127825894453419, -13.099741904781638, 0.0052244397811591625], "0003.npy": [0.6069893172982095, -0.053798350425815114, 0.1287924087751485, 77.4264421521058, 0.005098360124975443], "0004.npy": [0.5932728922924636, -0.02153868842618594, 0.1287510613681596, -28.15366040697063, 0.004754266701638699], "0005.npy": [0.6346310839188816, -0.007067281761150323, 0.12922449442900277, 72.40978204885664, 0.0052454532124102116], "0006.npy": [0.6193975506216067, -0.02791677792678908, 0.12823822121232775, -66.49728724423773, 0.025149676948785782], "0007.npy": [0.6221924418028408, -0.033482010553364284, 0.12798194153487302, 20.59039074515789, 0.024152856320142746]}