{"0000.npy": [0.6046022905915618, -0.017992131011069678, 0.12850355832043694, -85.11295469085064, 0.02522059716284275], "0001.npy": [0.6053610313258451, -0.02443080846544621, 0.12843163325432133, 0.09170373059342296, 0.025219283998012543], "0002.npy": [0.6319992244055002, -0.040418030946972494, 0.1275457332935938, -44.280317175681915, 0.005202113185077906], "0003.npy": [0.5879301770478593, -0.035317916207856515, 0.12877717059397734, 53.18235424255545, 0.004961773287504911], "0004.npy": [0.5896781810442593, -0.0038666504524507168, 0.1293395714292809, -48.70432030428424, 0.004953236784785986], "0005.npy": [0.6379365968207595, -0.004465931266848691, 0.12785014735872846, 37.5621412836345, 0.005238886456936598], "0006.npy": [0.6143639001147443, -0.025066630673150958, 0.1298259177910887, 88.01923369125265, 0.02519235946238041], "0007.npy": [0.6140093030850324, -0.024900789793901427, 0.12766615131035255, -3.76229650830777, 0.02516740746796131]}