{"0006.jpg": [0.6666813541886545, 0.013104177194243793, 0.21592333506988964, 4.427264470847376, 0.008], "0008.jpg": [0.6690313737346981, 0.013238113721507743, 0.2150830699214628, 88.55980344818857, 0.035], "0002.jpg": [0.6659131133088497, 0.00992377137437826, 0.21544071607178014, 4.783721944859167, 0.03], "0003.jpg": [0.6939790977036357, 0.014241304852159353, 0.21508695788088195, -46.20404645143802, 0.01], "0007.jpg": [0.6557470966120393, 0.012227118717480405, 0.21590283068077226, 42.379644891529665, 0.009], "0000.jpg": [0.6915762390179052, 0.008779019815750362, 0.21473150599821977, 49.98825839901809, 0.009], "0001.jpg": [0.6597325233247112, 0.010559782510692006, 0.21547945688370063, -54.280599139576054, 0.01], "0005.jpg": [0.6728055140875953, 0.009553465565841968, 0.21526918855249377, 87.81915819267988, 0.025]}