{"0000.npy": [0.6132447681876682, -0.033519033624881046, 0.12879823488967918, -55.52560049571733, 0.02523241750895977], "0001.npy": [0.6146464647979746, -0.03309268569362962, 0.12838815290034952, 22.7131397597754, 0.030506106093525887], "0002.npy": [0.6351723223987602, -0.03592523780488257, 0.12799934630608778, -20.43242953512899, 0.015284573659300804], "0003.npy": [0.6086676656854196, -0.056043591450678144, 0.128340648740235, 78.59215347972935, 0.007210856769233942], "0004.npy": [0.5911034890145467, -0.02426610535976174, 0.12874868080798701, -21.394978419255096, 0.004930253140628338], "0005.npy": [0.6260382212322211, -0.004948448293624671, 0.13052835284605188, 75.7126118673701, 0.0052434834651649], "0006.npy": [0.6187329182527602, -0.029792669659817753, 0.12809090534513848, -58.05454056254902, 0.02522191032767296], "0007.npy": [0.6205455790487605, -0.03473881537587047, 0.12824181717084712, 22.983665902525786, 0.025189733132719994]}