{"0000.npy": [0.6449339599438964, -0.023868009593534755, 0.12879823488967918, 4.474399504282701, 0.02523241750895977], "0001.npy": [0.6452655801097349, -0.022440930754985162, 0.12838815290034952, 82.7131397597754, 0.030506106093525887], "0002.npy": [0.657981570996016, -0.006081292693869457, 0.12799934630608778, 39.56757046487098, 0.015284573659300804], "0003.npy": [0.6621522479789239, -0.03909417554910595, 0.128340648740235, -41.40784652027065, 0.007210856769233942], "0004.npy": [0.6258500494203472, -0.0384164556971817, 0.12874868080798701, 38.6050215807449, 0.004930253140628338], "0005.npy": [0.6265878337683137, 0.0014967384107995808, 0.13052835284605188, -44.2873881326299, 0.0052434834651649], "0006.npy": [0.6444509091189506, -0.017251950234852213, 0.12809090534513848, 1.9454594374509497, 0.02522191032767296], "0007.npy": [0.649640727357872, -0.01815521279509816, 0.12824181717084712, 82.98366590252579, 0.025189733132719994]}