{"0000.npy": [0.6508394346175864, 0.014567724049206015, 0.12871085285720735, 64.7370690316755, 0.025204837322235107], "0001.npy": [0.6527650822891973, 0.019914355242383625, 0.12842489423779702, -25.063191789107833, 0.03049756959080696], "0002.npy": [0.6423682003196841, 0.03719832245753835, 0.12786268960051442, -63.363553888632396, 0.0052697500213980675], "0003.npy": [0.676736018808219, 0.018501721660846796, 0.1283441251411584, 24.18245760016299, 0.004976876545697451], "0004.npy": [0.6548770590313018, -0.010842267752904772, 0.12900751543120542, -87.14239740389155, 0.004698450211435556], "0005.npy": [0.6269777565338345, 0.010152358584418686, 0.12985437677508388, 16.077392521377988, 0.005231006536632776], "0006.npy": [0.6512199705903656, 0.013874489043815691, 0.1281688778697756, 62.20894227178968, 0.023166542872786522], "0007.npy": [0.6493960443705534, 0.017930685188468187, 0.12803954524271965, -31.09486326851311, 0.025158213451504707]}