{"0006.jpg": [0.6180205910133668, -0.011524707884907621, 0.21528509465437393, 60.90663819499511, 0.013], "0002.jpg": [0.6163501287067776, -0.014158120176352117, 0.21529219312137332, -33.10582870574672, 0.033], "0003.jpg": [0.6211567349082108, -0.012109669680389745, 0.21523961514121692, 62.9474375572762, 0.03], "0007.jpg": [0.6068241314612247, -0.03978374815558332, 0.2153183580568823, 14.377057525729242, 0.009], "0000.jpg": [0.623392421042704, -0.006896831486689962, 0.21609833200770415, -75.95510764769304, 0.01], "0001.jpg": [0.6059967255854707, -0.030645215459633692, 0.2147628561232157, -62.30826416493031, 0.009], "0005.jpg": [0.626778054435157, 0.0014442324220172009, 0.21550813576449324, 18.560965943706066, 0.008]}