{"train loss": 0.02603721246123314, "_timestamp": 1708887379.0709336, "_runtime": 224.97434163093567, "_step": 100, "_wandb": {"runtime": 225}}