{"0000.npy": [0.658170629029792, -0.007740339517711847, 0.12832874425808055, 36.90817263950464, 0.025259995833039284], "0001.npy": [0.6574752497759275, -0.004905103278849531, 0.12822771104817315, -63.244420285909314, 0.024234939366579056], "0002.npy": [0.6616231938954977, 0.015153155107845845, 0.12792960503176456, 65.93437765435601, 0.005261213518679142], "0003.npy": [0.6764115147533499, -0.018957676509091494, 0.12868647641201406, -13.119984535924743, 0.005094420164823532], "0004.npy": [0.6442712387670863, -0.03229467913579941, 0.12971740335278786, 52.4766982197973, 0.00505764689296484], "0005.npy": [0.6311421305327655, 0.010516354902983789, 0.12912668307990463, -22.683138783464244, 0.0051462966948747635], "0006.npy": [0.656082735057484, -0.004295196835648554, 0.12943444651434324, 22.19053704757971, 0.027189282700419426], "0007.npy": [0.6540316085424204, -0.0043348421540004255, 0.12847265252576784, -74.63503772751972, 0.02519235946238041]}