{"0006.jpg": [0.6032699207637573, 0.014018512857933917, 0.21561479093368774, -1.0834593366839158, 0.008], "0002.jpg": [0.5989886505977652, 0.010692480593712712, 0.21584602962663893, -89.61578789664276, 0.03], "0003.jpg": [0.6024394978545329, 0.014020606348655039, 0.21516852752539423, 5.884777505802319, 0.035], "0007.jpg": [0.5786845234523923, 0.014935573567564695, 0.21488721007886033, 59.53622309713003, 0.01], "0000.jpg": [0.5821032491906086, 0.009968096804244627, 0.21560270785376562, -29.634280092668874, 0.01], "0001.jpg": [0.611757092166221, 0.011665939895134222, 0.2159360815951917, 45.902856621903936, 0.01], "0005.jpg": [0.6123229422474498, 0.01327773758306054, 0.21562718650133442, -46.32673484848336, 0.008]}