{"0000.npy": [0.602986938254535, -0.0251544492915162, 0.1282917012481149, -82.5017365821779, 0.025254087522625923], "0001.npy": [0.6025147847937443, -0.025253962551916125, 0.1280966840269362, 0.19993269627485688, 0.025217970833182335], "0002.npy": [0.6195631136523758, -0.03884480457300042, 0.127825894453419, -43.09974190478164, 0.0052244397811591625], "0003.npy": [0.5831715155653769, -0.038097306871230016, 0.1287924087751485, 47.42644215210581, 0.005098360124975443], "0004.npy": [0.5874225740611114, -0.003301407559178729, 0.1287510613681596, -58.15366040697063, 0.004754266701638699], "0005.npy": [0.630475521996692, -0.011447897571971382, 0.12922449442900277, 42.40978204885664, 0.0052454532124102116], "0006.npy": [0.6068581470890365, -0.021887324258883383, 0.12823822121232775, 83.50271275576227, 0.025149676948785782], "0007.npy": [0.6064959775395108, -0.02810440268208457, 0.12798194153487302, -9.40960925484211, 0.024152856320142746]}