{"0006.jpg": [0.6463974775206526, 0.03984491277900259, 0.2153914051807992, 61.59195585083455, 0.008], "0002.jpg": [0.6468690988155205, 0.040715285294829165, 0.2153172844253757, -31.90321949658835, 0.03], "0003.jpg": [0.6492295425344909, 0.03823295319832784, 0.21532487164904696, 60.87840802830203, 0.025], "0007.jpg": [0.6559068944651996, 0.05823712739596293, 0.21550834705430266, 17.22345597569648, 0.008], "0000.jpg": [0.6589010486965884, 0.053577110733466174, 0.21493684696561152, -64.2702689931167, 0.006], "0001.jpg": [0.6423873452765705, 0.031121023776085003, 0.21584826620301395, -66.39750439242619, 0.007], "0005.jpg": [0.6430318866374127, 0.029189732385649664, 0.21552005531879861, 12.931387943096752, 0.008]}