{"0000.npy": [0.5884621749801392, 0.006236687371516183, 0.12879823488967918, 34.47439950428267, 0.02523241750895977], "0001.npy": [0.5888885229113906, 0.004834990761209764, 0.12838815290034952, -67.2868602402246, 0.030506106093525887], "0002.npy": [0.5860559708001376, -0.015690866839575768, 0.12799934630608778, 69.56757046487101, 0.015284573659300804], "0003.npy": [0.5659376171543421, 0.010813789873764813, 0.128340648740235, -11.407846520270638, 0.007210856769233942], "0004.npy": [0.5977151032452585, 0.02837796654463775, 0.12874868080798701, 68.6050215807449, 0.004930253140628338], "0005.npy": [0.6170327603113955, -0.006556765673036697, 0.13052835284605188, -14.2873881326299, 0.0052434834651649], "0006.npy": [0.5921885389452024, 0.0007485373064241632, 0.12809090534513848, 31.945459437450978, 0.02522191032767296], "0007.npy": [0.5872423932291497, -0.0010641234895761571, 0.12824181717084712, -67.01633409747421, 0.025189733132719994]}