{"0000.npy": [0.6291396697623798, 0.03151264271167732, 0.12809397106876066, -58.5872132642761, 0.02516872063279152], "0001.npy": [0.6239384158294842, 0.033665122190709475, 0.12823661294101382, 24.339954717709475, 0.025219939649105072], "0002.npy": [0.600024703276891, 0.040491753293029065, 0.12750817234733097, -15.00397745686871, 0.005147609859704971], "0003.npy": [0.6433841328337441, 0.05180944837343385, 0.1291253886140495, 74.66202066321364, 0.004905300214886665], "0004.npy": [0.6500526759505221, 0.01470357023124762, 0.12946296189058318, -34.23471029540792, 0.00523757329210639], "0005.npy": [0.608901857924472, 0.009268134111487173, 0.1287862275236768, 58.79659442888442, 0.00526252668350935], "0006.npy": [0.6250931331959155, 0.02683985384205813, 0.1279433940877264, -71.63318708833077, 0.0232387762516737], "0007.npy": [0.6197398703127335, 0.029234334821501385, 0.12848865726516953, 14.482085610717775, 0.025143109261989594]}