{"0000.npy": [0.5927191203076962, 0.004237941252267868, 0.12832874425808055, 36.90817263950464, 0.025259995833039284], "0001.npy": [0.5934144995615607, 0.0014027050134055661, 0.12822771104817315, -63.244420285909314, 0.024234939366579056], "0002.npy": [0.5892665554419905, -0.01865555337328981, 0.12792960503176456, 65.93437765435604, 0.005261213518679142], "0003.npy": [0.5744782345841383, 0.015455278243647511, 0.12868647641201406, -13.11998453592473, 0.005094420164823532], "0004.npy": [0.606618510570402, 0.02879228087035544, 0.12971740335278786, 52.4766982197973, 0.00505764689296484], "0005.npy": [0.6197476188047227, -0.014018753168427767, 0.12912668307990463, -22.68313878346426, 0.0051462966948747635], "0006.npy": [0.5948070142800042, 0.0007927985702046029, 0.12943444651434324, 22.190537047579696, 0.027189282700419426], "0007.npy": [0.5968581407950678, 0.0008324438885564344, 0.12847265252576784, -74.63503772751974, 0.02519235946238041]}