{"0006.jpg": [0.6156776127763228, 0.03817084627244226, 0.2153914051807992, -58.40804414916545, 0.008], "0002.jpg": [0.6151596587142952, 0.039014468552676804, 0.2153172844253757, 28.09678050341165, 0.03], "0003.jpg": [0.6184896432299801, 0.03981750672925803, 0.21532487164904696, -59.12159197169797, 0.025], "0007.jpg": [0.6045041961584532, 0.055602350230078285, 0.21550834705430266, 77.22345597569648, 0.008], "0000.jpg": [0.6100369660859285, 0.055865355526061256, 0.21493684696561152, -4.2702689931167015, 0.006], "0001.jpg": [0.6212276561506042, 0.030336025375073263, 0.21584826620301395, -6.397504392426185, 0.007], "0005.jpg": [0.6232224742372524, 0.029928568872134742, 0.21552005531879861, 72.93138794309675, 0.008]}