{"0000.npy": [0.634165528321419, -0.03185486391820105, 0.1282917012481149, -22.501736582177898, 0.025254087522625923], "0001.npy": [0.6340156326025435, -0.03231351743993048, 0.1280966840269362, 60.19993269627486, 0.025217970833182335], "0002.npy": [0.6543098114809391, -0.024344652566826372, 0.127825894453419, 16.900258095218362, 0.0052244397811591625], "0003.npy": [0.6354666604384361, -0.055486952143595426, 0.1287924087751485, -72.5735578478942, 0.005098360124975443], "0004.npy": [0.6074580569345415, -0.03440747783729001, 0.1287510613681596, 1.84633959302937, 0.004754266701638699], "0005.npy": [0.6360395982050864, -0.0011957762236647674, 0.12922449442900277, -77.59021795114336, 0.0052454532124102116], "0006.npy": [0.6332717194630696, -0.02686873620785159, 0.12823822121232775, -36.497287244237725, 0.025149676948785782], "0007.npy": [0.6384747825401191, -0.03029092344981863, 0.12798194153487302, 50.59039074515789, 0.024152856320142746]}