{"0006.jpg": [0.6217753739854328, -0.015144645865150456, 0.21535796493612427, 63.55814680175746, 0.01], "0002.jpg": [0.6176694398770225, -0.015815617635244146, 0.2153062946932541, -30.582650379861832, 0.035], "0003.jpg": [0.6198669687979524, -0.012533561070882715, 0.215240303336653, 56.91023467114229, 0.03], "0007.jpg": [0.6100274749987542, -0.03763457330093473, 0.21541128122847814, 12.104338752982642, 0.007], "0000.jpg": [0.6282188231020172, -0.001961480999575752, 0.2156636089574904, -85.6914344746944, 0.007], "0001.jpg": [0.6069435366172344, -0.03283726507892791, 0.2147562560283312, -75.63138588857746, 0.006], "0005.jpg": [0.6218364864249748, -0.010234675544108732, 0.21517342295818734, 7.366673205281259, 0.005]}