{"0000.npy": [0.6167654160362538, -0.02493771975157661, 0.12893890687032764, -51.85663257413216, 0.025177257135510445], "0001.npy": [0.6171762362416948, -0.022837359472230444, 0.1284270106734921, 34.32931675797991, 0.024224434047937393], "0002.npy": [0.6432385117520567, -0.02877136428923396, 0.12824843730180183, -9.018353516681259, 0.005240856669843197], "0003.npy": [0.603541795798727, -0.04577445565444771, 0.1285886046787819, 76.39226164031126, 0.004974250216037035], "0004.npy": [0.5956464228359778, -0.010289897154751553, 0.1291050856132789, -33.41124227565987, 0.005088509991765022], "0005.npy": [0.6307127476329197, 0.0007449028429753596, 0.1297168372005769, 69.70541384663377, 0.005204083397984505], "0006.npy": [0.6191932542787291, -0.021890964694511558, 0.12838220513187443, -59.83683209327373, 0.025147706270217896], "0007.npy": [0.6240515144032355, -0.02440850902100945, 0.1293029738386153, 24.435110401154304, 0.027195192873477936]}