{"0000.npy": [0.6427956086938753, 0.02470140279217903, 0.12809397106876066, -88.5872132642761, 0.02516872063279152], "0001.npy": [0.63936743039597, 0.0291661316685934, 0.12823661294101382, -5.660045282290525, 0.025219939649105072], "0002.npy": [0.6220708633777853, 0.047035023901763735, 0.12750817234733097, -45.00397745686871, 0.005147609859704971], "0003.npy": [0.6652800784078243, 0.03515672057525391, 0.1291253886140495, 44.66202066321364, 0.004905300214886665], "0004.npy": [0.6525022670820928, -0.0003121840839981319, 0.12946296189058318, -64.23471029540792, 0.00523757329210639], "0005.npy": [0.6141468952251428, 0.015555999168666802, 0.1287862275236768, 28.79659442888442, 0.00526252668350935], "0006.npy": [0.636954810795165, 0.022677917207799766, 0.1279433940877264, 78.36681291166923, 0.0232387762516737], "0007.npy": [0.6335159896349146, 0.027428230006467328, 0.12848865726516953, -15.517914389282225, 0.025143109261989594]}