{"0006.jpg": [0.6475137709488302, 0.03648603457609483, 0.21561479093368774, 58.916540663316084, 0.008], "0002.jpg": [0.6467739775972041, 0.04185673943241909, 0.21584602962663893, -29.615787896642757, 0.03], "0003.jpg": [0.6479307954195895, 0.03720415516600726, 0.21516852752539423, 65.88477750580233, 0.035], "0007.jpg": [0.6606006674758655, 0.05731908285505522, 0.21488721007886033, -60.463776902869995, 0.01], "0000.jpg": [0.6545893435370134, 0.05684211789884819, 0.21560270785376562, 30.36571990733114, 0.01], "0001.jpg": [0.6412327972975574, 0.03031221501668834, 0.2159360815951917, -74.09714337809606, 0.01], "0005.jpg": [0.6423457300004483, 0.029016275627647567, 0.21562718650133442, 13.673265151516603, 0.008]}