{"0000.npy": [0.6194557342837542, -0.03447695349376981, 0.12832874425808055, -53.09182736049536, 0.025259995833039284], "0001.npy": [0.6222909705226165, -0.03378157423990544, 0.12822771104817315, 26.755579714090686, 0.024234939366579056], "0002.npy": [0.6423492289093119, -0.03792951835947558, 0.12792960503176456, -24.06562234564396, 0.005261213518679142], "0003.npy": [0.6082383972923746, -0.05271783921732782, 0.12868647641201406, 76.88001546407526, 0.005094420164823532], "0004.npy": [0.5949013946656667, -0.02057756323106416, 0.12971740335278786, -37.5233017802027, 0.00505764689296484], "0005.npy": [0.6377124287044499, -0.0074484549967434, 0.12912668307990463, 67.31686121653576, 0.0051462966948747635], "0006.npy": [0.6229008769658175, -0.03238905952146188, 0.12943444651434324, -67.80946295242029, 0.027189282700419426], "0007.npy": [0.6228612316474657, -0.030337933006398286, 0.12847265252576784, 15.364962272480284, 0.02519235946238041]}