{"0002.jpg": [0.6464411872282245, 0.036439810167075315, 0.21549339782810017, 57.270612744249206, 0.007], "0003.jpg": [0.648922274780585, 0.04022461522823133, 0.21537415781630864, -33.13290781616962, 0.02], "0000.jpg": [0.6453630486112667, 0.03489788244360906, 0.21550565078236858, 62.56723465659553, 0.035]}