{"0000.npy": [0.6038952497679877, -0.027097963574903846, 0.12832874425808055, -83.09182736049536, 0.025259995833039284], "0001.npy": [0.6066983260035048, -0.027913365595223793, 0.12822771104817315, -3.244420285909314, 0.024234939366579056], "0002.npy": [0.6219953152622703, -0.0415347197695975, 0.12792960503176456, -54.06562234564396, 0.005261213518679142], "0003.npy": [0.585060308108863, -0.03728636550334414, 0.12868647641201406, 46.88001546407526, 0.005094420164823532], "0004.npy": [0.5895802630169259, -0.0027835687012429133, 0.12971740335278786, -67.5233017802027, 0.00505764689296484], "0005.npy": [0.6332202601739529, -0.012818944460677282, 0.12912668307990463, 37.31686121653574, 0.0051462966948747635], "0006.npy": [0.6079227778364704, -0.027012365695508408, 0.12943444651434324, 82.19053704757971, 0.027189282700419426], "0007.npy": [0.6089140072411685, -0.025216215367911583, 0.12847265252576784, -14.635037727519745, 0.02519235946238041]}