{"0000.npy": [0.6521456414255218, -0.003257283462078091, 0.12809397106876066, 31.4127867357239, 0.02516872063279152], "0001.npy": [0.654298120904554, 0.001943970470817541, 0.12823661294101382, -65.66004528229053, 0.025219939649105072], "0002.npy": [0.6611247520068735, 0.025857683023410762, 0.12750817234733097, 74.99602254313129, 0.005147609859704971], "0003.npy": [0.6724424470872783, -0.01750174653344236, 0.1291253886140495, -15.337979336786333, 0.004905300214886665], "0004.npy": [0.635336568945092, -0.024170289650220365, 0.12946296189058318, 55.76528970459208, 0.00523757329210639], "0005.npy": [0.6299011328253317, 0.016980528375829616, 0.1287862275236768, -31.20340557111558, 0.00526252668350935], "0006.npy": [0.6474728525559026, 0.0007892531043861551, 0.1279433940877264, 18.36681291166923, 0.0232387762516737], "0007.npy": [0.6498673335353459, 0.006142515987568271, 0.12848865726516953, -75.51791438928223, 0.025143109261989594]}