{"0000.npy": [0.5937346318266428, 0.008644565038451204, 0.12871085285720735, 34.73706903167549, 0.025204837322235107], "0001.npy": [0.5893936564277007, 0.004977070436298511, 0.12842489423779702, -55.06319178910783, 0.03049756959080696], "0002.npy": [0.5897556367258701, -0.015189725234959432, 0.12786268960051442, 86.63644611136758, 0.0052697500213980675], "0003.npy": [0.5693405332404922, 0.018185915263659244, 0.1283441251411584, -5.817542399837009, 0.004976876545697451], "0004.npy": [0.6029429424144804, 0.032669075655891174, 0.12900751543120542, 62.85760259610842, 0.004698450211435556], "0005.npy": [0.616607133956492, 0.0005375446560735237, 0.12985437677508388, -13.92260747862204, 0.005231006536632776], "0006.npy": [0.5937516955098574, 0.009435192150301478, 0.1281688778697756, 32.208942271789695, 0.023166542872786522], "0007.npy": [0.593303163878517, 0.0050104601363937995, 0.12803954524271965, -61.09486326851311, 0.025158213451504707]}