{"0000.jpg": [0.6052784054336681, 0.01188630908959162, 0.21528509465437393, 359.9181223727934, 2.4062306711913415, 0.9066381949951108, 0.013], "0001.jpg": [0.6022577679264648, 0.009539897932499188, 0.21529219312137332, 359.05514468970864, 0.31486506404664516, 86.89417129425328, 0.033], "0002.jpg": [0.6063502252204895, 0.012688786624667327, 0.21523961514121692, 359.82837035008356, 1.0639560207178067, 2.9474375572761886, 0.03], "0003.jpg": [0.5776222806825714, 0.028705372848844515, 0.2153183580568823, 0.9625893436279398, -1.6513647572046635, -45.622942474270765, 0.009], "0004.jpg": [0.621790213406794, 0.029981173149377486, 0.21609833200770415, 0.07713935973870889, -0.150474885666335, 44.04489235230696, 0.01], "0005.jpg": [0.587482872445984, -0.009498629510051072, 0.2147628561232157, 359.4946492256665, -0.9359169587972173, 57.69173583506969, 0.009], "0006.jpg": [0.6280148957808142, 0.0007650887056016506, 0.21550813576449324, 0.5140784859808036, -1.2694562576728756, -41.43903405629393, 0.008]}