{"0006.jpg": [0.6053202496671064, 0.01354931518357549, 0.21528509465437393, 0.9066381949951108, 0.013], "0002.jpg": [0.6022044165707826, 0.01367927183142385, 0.21529219312137332, 86.89417129425328, 0.033], "0003.jpg": [0.6063817298393974, 0.010540854002976156, 0.21523961514121692, 2.9474375572761886, 0.03], "0007.jpg": [0.5752489731300626, 0.00911621345283767, 0.2153183580568823, -45.622942474270765, 0.009], "0000.jpg": [0.6120140232082059, 0.011211112112466233, 0.21609833200770415, 44.04489235230696, 0.01], "0001.jpg": [0.5827494716601926, 0.014402034308456012, 0.2147628561232157, 57.69173583506969, 0.009], "0005.jpg": [0.6209304131439622, 0.012449599541054656, 0.21550813576449324, -41.43903405629393, 0.008]}