{"0000.npy": [0.6524205238383305, 0.008401147508428365, 0.12879823488967918, 64.4743995042827, 0.02523241750895977], "0001.npy": [0.6513504473938626, 0.009401878415726537, 0.12838815290034952, -37.2868602402246, 0.030506106093525887], "0002.npy": [0.6435405806793582, 0.02859406858809519, 0.12799934630608778, -80.43242953512902, 0.015284573659300804], "0003.npy": [0.6742159143756067, 0.01569953937865426, 0.128340648740235, 18.592153479729348, 0.007210856769233942], "0004.npy": [0.6554778924879028, -0.015400226860337905, 0.12874868080798701, -81.3949784192551, 0.004930253140628338], "0005.npy": [0.6212809446181949, 0.005195310181506337, 0.13052835284605188, 15.712611867370128, 0.0052434834651649], "0006.npy": [0.6464493229482927, 0.011290842902047616, 0.12809090534513848, 61.94545943745095, 0.02522191032767296], "0007.npy": [0.6498264803912138, 0.015333726057854389, 0.12824181717084712, -37.016334097474214, 0.025189733132719994]}