{"0000.npy": [0.6461504212270779, -0.01477823018305223, 0.12871085285720735, 4.737069031675503, 0.025204837322235107], "0001.npy": [0.6517435635008414, -0.01377257438881677, 0.12842489423779702, -85.06319178910783, 0.03049756959080696], "0002.npy": [0.6615134772025862, 0.003873373124507343, 0.12786268960051442, 56.636446111367604, 0.0052697500213980675], "0003.npy": [0.6625056551925024, -0.03523833115756207, 0.1283441251411584, -35.81754239983701, 0.004976876545697451], "0004.npy": [0.6261635350233533, -0.03097991139732542, 0.12900751543120542, 32.85760259610845, 0.004698450211435556], "0005.npy": [0.6303957635257036, 0.003678906482009693, 0.12985437677508388, -43.92260747862204, 0.005231006536632776], "0006.npy": [0.6457403300880068, -0.015454401505227998, 0.1281688778697756, 2.208942271789681, 0.023166542872786522], "0007.npy": [0.6483411358821023, -0.01184673699191588, 0.12803954524271965, 88.90513673148689, 0.025158213451504707]}