{"0000.npy": [0.5942726192294737, -0.006574117169597295, 0.12893890687032764, 68.14336742586784, 0.025177257135510445], "0001.npy": [0.5962969946912078, -0.005879717764224126, 0.1284270106734921, -25.67068324202009, 0.024224434047937393], "0002.npy": [0.6041891335286844, -0.03141731284512838, 0.12824843730180183, -69.01835351668123, 0.005240856669843197], "0003.npy": [0.5696156664868767, -0.005540494065336672, 0.1285886046787819, 16.39226164031126, 0.004974250216037035], "0004.npy": [0.5963985091083139, 0.01903937874260498, 0.1291050856132789, 86.58875772434013, 0.005088509991765022], "0005.npy": [0.6234880886304969, -0.005811549350039474, 0.1297168372005769, 9.705413846633775, 0.005204083397984505], "0006.npy": [0.5981251056292384, -0.007153309235327785, 0.12838220513187443, 60.16316790672627, 0.025147706270217896], "0007.npy": [0.5983739783495909, -0.012619458084592168, 0.1293029738386153, -35.564889598845696, 0.027195192873477936]}