{"0000.npy": [0.597631814987995, 0.0031144005066624037, 0.12847104117251726, 35.94505836292193, 0.025263279676437378], "0001.npy": [0.5986016845941696, 0.0012818888759434555, 0.12817935645959033, -61.38444813261316, 0.0252035241574049], "0002.npy": [0.5899561513470576, -0.022734429252517185, 0.12761391332455968, 79.4872343690318, 0.005296673160046339], "0003.npy": [0.5795902137999948, 0.0208492645179231, 0.12871398862784802, -20.722164022468206, 0.004796293564140797], "0004.npy": [0.6091819435078923, 0.026046363458064988, 0.12881744937354897, 55.96125071340157, 0.004926970228552818], "0005.npy": [0.6175844171282339, -0.012941851738491515, 0.127748900670165, -26.181040555718262, 0.005282226484268904], "0006.npy": [0.5966571669544944, 0.001762059915585052, 0.13026470920783081, 15.24567382723761, 0.026173420250415802], "0007.npy": [0.5954702526424297, 0.003529451040319276, 0.12812086359597644, -78.0527061473179, 0.027172867208719254]}