{"0000.npy": [0.650083498701682, -0.0009335329613594854, 0.12893890687032764, 38.14336742586784, 0.025177257135510445], "0001.npy": [0.6479831384223358, -0.0005227127559184106, 0.1284270106734921, -55.67068324202009, 0.024224434047937393], "0002.npy": [0.6539171432393394, 0.025539562754443537, 0.12824843730180183, 80.98164648331874, 0.005240856669843197], "0003.npy": [0.6709202346045531, -0.0141571531988862, 0.1285886046787819, -13.60773835968871, 0.004974250216037035], "0004.npy": [0.635435676104857, -0.022052526161635375, 0.1291050856132789, 56.5887577243401, 0.005088509991765022], "0005.npy": [0.62440087610713, 0.013013798635306549, 0.1297168372005769, -20.294586153366225, 0.005204083397984505], "0006.npy": [0.6470367436446169, 0.001494305281115862, 0.12838220513187443, 30.163167906726244, 0.025147706270217896], "0007.npy": [0.6495542879711148, 0.0063525654056222096, 0.1293029738386153, -65.5648895988457, 0.027195192873477936]}