{"0000.jpg": [0.6018916405952586, 0.009845669630073408, 0.2161401305034559, 0.4708354786216944, 2.340887522130788, 0.13537388316431986, 0.007], "0001.jpg": [0.5995946291428895, 0.014114151357267379, 0.21522237558271867, 359.258783198945, -0.8191551677222685, 88.92872539417459, 0.035], "0002.jpg": [0.5976371707950722, 0.010401869353039397, 0.21593787960482466, 1.2473773642274182, -0.40910025705423947, 3.380770894214251, 0.027], "0003.jpg": [0.5822809456651947, 0.030648529858076957, 0.215202746377829, 0.5058987929901662, -0.5602969507153405, -44.70237427487338, 0.008], "0004.jpg": [0.6212532499443221, 0.025029956325317577, 0.215829943063775, 359.15064482778394, 1.5977771826141334, 44.37279390256313, 0.01], "0005.jpg": [0.6196246286728593, -0.0062027625673098585, 0.2151702824458534, 0.634036248188977, 2.5069921208503256, -57.98766603191382, 0.0075], "0006.jpg": [0.5795723850439977, -0.004040177187801288, 0.21536799009049803, 0.5858744923356198, -1.0617466713026729, 51.173435810352345, 0.01]}