{"0000.npy": [0.60305876139188, -0.018769381830533973, 0.12893890687032764, -81.85663257413216, 0.025177257135510445], "0001.npy": [0.604464722265853, -0.017155826574240952, 0.1284270106734921, 4.32931675797991, 0.024224434047937393], "0002.npy": [0.6240683125297537, -0.03532596324712621, 0.12824843730180183, -39.01835351668123, 0.005240856669843197], "0003.npy": [0.5811884023847482, -0.03020271433560427, 0.1285886046787819, 46.39226164031126, 0.004974250216037035], "0004.npy": [0.5920930880765027, 0.004475501248582219, 0.1291050856132789, -63.41124227565987, 0.005088509991765022], "0005.npy": [0.6279788161668741, -0.0035012440261767796, 0.1297168372005769, 39.705413846633775, 0.005204083397984505], "0006.npy": [0.6066847085146755, -0.017344733673244607, 0.12838220513187443, -89.83683209327373, 0.025147706270217896], "0007.npy": [0.6096333130374421, -0.021954121077398345, 0.1293029738386153, -5.564889598845696, 0.027195192873477936]}