{"0000.npy": [0.6485721087182449, 0.014020947122089462, 0.12893890687032764, 68.14336742586784, 0.025177257135510445], "0001.npy": [0.6465477332565108, 0.013326547716716293, 0.1284270106734921, -25.67068324202009, 0.024224434047937393], "0002.npy": [0.6386555944190342, 0.038864142797620536, 0.12824843730180183, -69.01835351668126, 0.005240856669843197], "0003.npy": [0.6732290614608419, 0.012987324017828827, 0.1285886046787819, 16.39226164031129, 0.004974250216037035], "0004.npy": [0.6464462188394047, -0.011592548790112808, 0.1291050856132789, 86.5887577243401, 0.005088509991765022], "0005.npy": [0.6193566393172217, 0.013258379302531634, 0.1297168372005769, 9.705413846633746, 0.005204083397984505], "0006.npy": [0.6447196223184802, 0.014600139187819952, 0.12838220513187443, 60.163167906726244, 0.025147706270217896], "0007.npy": [0.6444707495981276, 0.020066288037084348, 0.1293029738386153, -35.564889598845696, 0.027195192873477936]}