{"0000.npy": [0.595968503256547, 0.0067924716868438696, 0.12850355832043694, 34.88704530914934, 0.02522059716284275], "0001.npy": [0.5907718153814245, 0.0029160442088802235, 0.12843163325432133, -59.90829626940658, 0.025219283998012543], "0002.npy": [0.5902455711162966, -0.028146918949779005, 0.1275457332935938, 75.71968282431808, 0.005202113185077906], "0003.npy": [0.5726278763637661, 0.012568052952075344, 0.12877717059397734, -6.817645757444566, 0.004961773287504911], "0004.npy": [0.600739473487323, 0.026779869962979173, 0.1293395714292809, 71.29567969571576, 0.004953236784785986], "0005.npy": [0.6243496889663039, -0.015312784453060734, 0.12785014735872846, -22.437858716365497, 0.005238886456936598], "0006.npy": [0.5947226115917116, -0.005198579973096948, 0.1298259177910887, 28.01923369125265, 0.02519235946238041], "0007.npy": [0.5946889354912717, -0.0048085694976351765, 0.12766615131035255, -63.76229650830777, 0.02516740746796131]}