{"train loss": 0.2109558504970768, "_timestamp": 1708885686.141332, "_runtime": 239.84425497055054, "_step": 100, "_wandb": {"runtime": 239}}