{"0000.npy": [0.5981131990114854, -0.02545250438471197, 0.12879823488967918, -85.52560049571733, 0.02523241750895977], "0001.npy": [0.599540277850035, -0.025784124550550513, 0.12838815290034952, -7.286860240224598, 0.030506106093525887], "0002.npy": [0.6158999159111508, -0.03850011543683157, 0.12799934630608778, -50.43242953512899, 0.015284573659300804], "0003.npy": [0.5828870330559143, -0.04267079241973953, 0.128340648740235, 48.59215347972935, 0.007210856769233942], "0004.npy": [0.5835647529078385, -0.006368593861162786, 0.12874868080798701, -51.3949784192551, 0.004930253140628338], "0005.npy": [0.6234779470158198, -0.00710637820912935, 0.13052835284605188, 45.7126118673701, 0.0052434834651649], "0006.npy": [0.604729258370168, -0.024969453559766264, 0.12809090534513848, -88.05454056254902, 0.02522191032767296], "0007.npy": [0.603825995809922, -0.03015927179868765, 0.12824181717084712, -7.016334097474214, 0.025189733132719994]}