{"0000.npy": [0.6546221499520896, -0.005439047038127949, 0.12847104117251726, 35.94505836292194, 0.025263279676437378], "0001.npy": [0.6536522803459149, -0.0036065354074090008, 0.12817935645959033, -61.38444813261316, 0.0252035241574049], "0002.npy": [0.662297813593027, 0.020409782721051647, 0.12761391332455968, 79.4872343690318, 0.005296673160046339], "0003.npy": [0.6726637511400897, -0.02317391104938866, 0.12871398862784802, -20.722164022468206, 0.004796293564140797], "0004.npy": [0.6430720214321922, -0.02837100998953052, 0.12881744937354897, 55.96125071340157, 0.004926970228552818], "0005.npy": [0.6346695478118507, 0.010617205207025984, 0.127748900670165, -26.181040555718255, 0.005282226484268904], "0006.npy": [0.6555967979855901, -0.004086706447050572, 0.13026470920783081, 15.245673827237624, 0.026173420250415802], "0007.npy": [0.6567837122976549, -0.005854097571784796, 0.12812086359597644, -78.0527061473179, 0.027172867208719254]}