{"0006.jpg": [0.6526259513759799, 0.0405969800679365, 0.21554639253330823, 59.21495793285419, 0.02], "0002.jpg": [0.6516393864780402, 0.039188280559802245, 0.2153239544535701, -26.978424374018516, 0.015], "0003.jpg": [0.6522095052731656, 0.039997269639499344, 0.2154603485024937, 70.21124350352602, 0.03], "0000.jpg": [0.6600395165271677, 0.06248064763259414, 0.2159462696335984, 26.80398951535267, 0.02], "0001.jpg": [0.6613574312505209, 0.054525495123750774, 0.2154560302618122, -70.07880040446042, 0.008], "0005.jpg": [0.6567791307233365, 0.05601032164590038, 0.2158449274266988, 18.34553779413818, 0.01]}