{"0000.npy": [0.6512163787613302, 0.011974726524875101, 0.12809397106876066, 61.4127867357239, 0.02516872063279152], "0001.npy": [0.650479853704849, 0.017555384301812516, 0.12823661294101382, -35.660045282290525, 0.025219939649105072], "0002.npy": [0.6444350333854261, 0.04167858242231685, 0.12750817234733097, -75.00397745686871, 0.005147609859704971], "0003.npy": [0.6759161596157693, 0.00978706247268261, 0.1291253886140495, 14.662020663213639, 0.004905300214886665], "0004.npy": [0.6471157980732953, -0.014541004343772144, 0.12946296189058318, 85.76528970459208, 0.00523757329210639], "0005.npy": [0.6218331632999102, 0.018378931393417532, 0.1287862275236768, -1.2034055711155816, 0.00526252668350935], "0006.npy": [0.6451463566104867, 0.0131427355539662, 0.1279433940877264, 48.36681291166923, 0.0232387762516737], "0007.npy": [0.6445434065259721, 0.018976037693659867, 0.12848865726516953, -45.517914389282225, 0.025143109261989594]}