{"0006.jpg": [0.6068887123886249, 0.00988248860911832, 0.21592333506988964, 4.427264470847405, 0.008], "0008.jpg": [0.6045386928425812, 0.009748552081854376, 0.2150830699214628, 88.55980344818857, 0.035], "0002.jpg": [0.6076569532684296, 0.013062894428983852, 0.21544071607178014, 4.783721944859195, 0.03], "0003.jpg": [0.5795909688736436, 0.008745360951202765, 0.21508695788088195, -46.20404645143802, 0.01], "0007.jpg": [0.61782296996524, 0.010759547085881704, 0.21590283068077226, 42.379644891529665, 0.009], "0000.jpg": [0.5819938275593741, 0.014207645987611742, 0.21473150599821977, 49.98825839901809, 0.009], "0001.jpg": [0.6138375432525681, 0.012426883292670108, 0.21547945688370063, -54.28059913957607, 0.01], "0005.jpg": [0.6007645524896841, 0.013433200237520154, 0.21526918855249377, 87.81915819267985, 0.025]}