{"0000.jpg": [0.6068946895084522, 0.013211521306295784, 0.21592333506988964, 359.38781118637525, 1.5995371061719188, 4.427264470847405, 0.008], "0001.jpg": [0.6045234362215185, 0.012928633201639806, 0.2150830699214628, 359.11910245819115, 2.4279624682713954, 88.55980344818857, 0.035], "0002.jpg": [0.6076624076110922, 0.00982562708313694, 0.21544071607178014, 0.7684035575113626, 2.105598072994055, 4.783721944859195, 0.03], "0003.jpg": [0.5838432039105841, 0.03330789354938112, 0.21508695788088195, 359.6805585420832, 3.464636488134471, -46.20404645143802, 0.01], "0004.jpg": [0.6253719061861148, 0.02665376880721167, 0.21590283068077226, 358.97865975208583, 0.16224257258872032, 42.379644891529665, 0.009], "0005.jpg": [0.5844671491571023, -0.005007658607746034, 0.21473150599821977, 359.28118152289835, -0.392828267801445, 49.98825839901809, 0.009], "0006.jpg": [0.6209824688038657, -0.005172133518214811, 0.21547945688370063, 0.7186865783968983, -0.643409613911827, -54.28059913957607, 0.01], "0007.jpg": [0.6007749751555004, 0.009368753998341963, 0.21526918855249377, 359.0456921047487, -0.1976219090755871, 87.81915819267985, 0.025]}