{"0006.jpg": [0.6153968389611756, -0.01344673593107314, 0.2161401305034559, 60.135373883164334, 0.007], "0002.jpg": [0.6171038919558387, -0.017141549493177467, 0.21522237558271867, -31.07127460582541, 0.035], "0003.jpg": [0.6130789264350985, -0.016978991404869227, 0.21593787960482466, 63.380770894214265, 0.027], "0007.jpg": [0.6074560705044642, -0.03553709575071498, 0.215202746377829, 15.297625725126622, 0.008], "0000.jpg": [0.6237507865942612, -0.003514916199058275, 0.215829943063775, -75.62720609743687, 0.01], "0001.jpg": [0.6202569544772571, -0.006616155967952307, 0.2151702824458534, 2.012333968086182, 0.0075], "0005.jpg": [0.6021789041901017, -0.03414122382277343, 0.21536799009049803, -68.82656418964766, 0.01]}