{"0000.npy": [0.6037197763202709, -0.019452015205721818, 0.12809397106876066, -88.58721326427607, 0.02516872063279152], "0001.npy": [0.6071479546181761, -0.023916744082136166, 0.12823661294101382, -5.660045282290525, 0.025219939649105072], "0002.npy": [0.6244445216363609, -0.04178563631530651, 0.12750817234733097, -45.00397745686871, 0.005147609859704971], "0003.npy": [0.5812353066063218, -0.02990733298879667, 0.1291253886140495, 44.66202066321367, 0.004905300214886665], "0004.npy": [0.5940131179320534, 0.005561571670455356, 0.12946296189058318, -64.23471029540795, 0.00523757329210639], "0005.npy": [0.6323684897890034, -0.010306611582209574, 0.1287862275236768, 28.796594428884404, 0.00526252668350935], "0006.npy": [0.6095605742189811, -0.017428529621342545, 0.1279433940877264, 78.36681291166923, 0.0232387762516737], "0007.npy": [0.6129993953792315, -0.022178842420010107, 0.12848865726516953, -15.517914389282225, 0.025143109261989594]}