{"0006.jpg": [0.6132423019203115, -0.01314643137377109, 0.21542044387180584, 59.685476123971625, 0.008], "0002.jpg": [0.6143025280552884, -0.018324444359825467, 0.21553515611590687, -31.71294673887121, 0.02], "0003.jpg": [0.6146483370148507, -0.01759084941876269, 0.2151686936200616, 62.60302829678449, 0.035], "0007.jpg": [0.6054595962910277, -0.03525858158175206, 0.21599355525153133, 17.335813200279773, 0.009], "0000.jpg": [0.6204964513173261, -0.0052944889281518505, 0.21583038259214654, -75.02859652866488, 0.01], "0001.jpg": [0.5997427569923451, -0.03423946211956262, 0.21479437095187176, -66.17975585052744, 0.009], "0005.jpg": [0.6156971882087492, -0.010055399149540525, 0.21520653924578392, 7.798296907668899, 0.008]}