{"0000.npy": [0.6081756472971556, -0.02370150030408039, 0.12847104117251726, -84.05494163707806, 0.025263279676437378], "0001.npy": [0.610247583725176, -0.02377782440213419, 0.12817935645959033, -1.3844481326131586, 0.0252035241574049], "0002.npy": [0.6267235587062356, -0.0432732348876265, 0.12761391332455968, -40.512765630968204, 0.005296673160046339], "0003.npy": [0.5837960039367414, -0.0304585532522057, 0.12871398862784802, 39.277835977531794, 0.004796293564140797], "0004.npy": [0.5940910490825461, -0.002232814113172805, 0.12881744937354897, -64.03874928659843, 0.004926970228552818], "0005.npy": [0.6320570707011492, -0.014450166101606682, 0.127748900670165, 33.818959444281745, 0.005282226484268904], "0006.npy": [0.6088594845868471, -0.025221740556379078, 0.13026470920783081, 75.24567382723762, 0.026173420250415802], "0007.npy": [0.6067354218183718, -0.025365942940375343, 0.12812086359597644, -18.052706147317906, 0.027172867208719254]}