{"0000.npy": [0.6277695994494096, 0.03330150588020092, 0.12871085285720735, -55.2629309683245, 0.025204837322235107], "0001.npy": [0.6241021048472569, 0.037642481279143054, 0.12842489423779702, 34.936808210892195, 0.03049756959080696], "0002.npy": [0.6039353091759989, 0.0372805009809737, 0.12786268960051442, -3.3635538886323957, 0.0052697500213980675], "0003.npy": [0.6373109496746177, 0.05769560446635155, 0.1283441251411584, 84.18245760016299, 0.004976876545697451], "0004.npy": [0.6517941100668495, 0.02409319529236332, 0.12900751543120542, -27.14239740389155, 0.004698450211435556], "0005.npy": [0.6196625790670319, 0.01042900375035167, 0.12985437677508388, 76.07739252137799, 0.005231006536632776], "0006.npy": [0.6285602265612599, 0.03328444219698635, 0.1281688778697756, -57.79105772821032, 0.023166542872786522], "0007.npy": [0.6241354945473522, 0.03373297382832675, 0.12803954524271965, 28.90513673148689, 0.025158213451504707]}