{"0000.npy": [0.6145923968197308, 0.028848452812689163, 0.1282917012481149, -22.501736582177898, 0.025254087522625923], "0001.npy": [0.6147422925386065, 0.029307106334418603, 0.1280966840269362, 60.19993269627486, 0.025217970833182335], "0002.npy": [0.5944481136602106, 0.021338241461314467, 0.127825894453419, 16.900258095218362, 0.0052244397811591625], "0003.npy": [0.6132912647027138, 0.05248054103808355, 0.1287924087751485, -72.57355784789422, 0.005098360124975443], "0004.npy": [0.6412998682066083, 0.031401066731778116, 0.1287510613681596, 1.84633959302937, 0.004754266701638699], "0005.npy": [0.6127183269360634, -0.0018106348818471179, 0.12922449442900277, -77.59021795114336, 0.0052454532124102116], "0006.npy": [0.6154862056780801, 0.0238623251023397, 0.12823822121232775, -36.497287244237725, 0.025149676948785782], "0007.npy": [0.6102831426010307, 0.02728451234430676, 0.12798194153487302, 50.59039074515789, 0.024152856320142746]}