{"0000.npy": [0.6397859665558386, 0.026216211783026133, 0.12893890687032764, -81.85663257413216, 0.025177257135510445], "0001.npy": [0.6383800056818656, 0.024602656526733116, 0.1284270106734921, 4.329316757979882, 0.024224434047937393], "0002.npy": [0.6187764154179649, 0.04277279319961837, 0.12824843730180183, -39.01835351668126, 0.005240856669843197], "0003.npy": [0.6616563255629704, 0.03764954428809642, 0.1285886046787819, 46.39226164031129, 0.004974250216037035], "0004.npy": [0.6507516398712159, 0.0029713287039099387, 0.1291050856132789, -63.4112422756599, 0.005088509991765022], "0005.npy": [0.6148659117808445, 0.01094807397866894, 0.1297168372005769, 39.705413846633746, 0.005204083397984505], "0006.npy": [0.6361600194330431, 0.024791563625736767, 0.12838220513187443, -89.83683209327376, 0.025147706270217896], "0007.npy": [0.6332114149102765, 0.02940095102989051, 0.1293029738386153, -5.564889598845696, 0.027195192873477936]}