{"0006.jpg": [0.6206848199463595, 0.03708514496041249, 0.21528509465437393, -59.09336180500486, 0.013], "0002.jpg": [0.619239449156625, 0.039848513899705354, 0.21529219312137332, 26.894171294253283, 0.033], "0003.jpg": [0.6186101562238067, 0.034661645575295275, 0.21523961514121692, -57.0525624427238, 0.03], "0007.jpg": [0.6018100029614579, 0.06091108350035038, 0.2153183580568823, 74.37705752572924, 0.009], "0000.jpg": [0.6220067634581219, 0.03011906549108558, 0.21609833200770415, -15.955107647693012, 0.01], "0001.jpg": [0.6101379073673421, 0.057058371660019105, 0.2147628561232157, -2.3082641649302786, 0.009], "0005.jpg": [0.6275375200014253, 0.02301648901096684, 0.21550813576449324, 78.5609659437061, 0.008]}