{"0000.npy": [0.6457709868866148, 0.02214803818600432, 0.1282917012481149, -82.5017365821779, 0.025254087522625923], "0001.npy": [0.6462431403474055, 0.022247551446404248, 0.1280966840269362, 0.19993269627485688, 0.025217970833182335], "0002.npy": [0.629194811488774, 0.03583839346748853, 0.127825894453419, -43.09974190478164, 0.0052244397811591625], "0003.npy": [0.6655864095757729, 0.03509089576571814, 0.1287924087751485, 47.42644215210578, 0.005098360124975443], "0004.npy": [0.6613353510800384, 0.00029499645366683745, 0.1287510613681596, -58.15366040697063, 0.004754266701638699], "0005.npy": [0.6182824031444578, 0.008441486466459498, 0.12922449442900277, 42.40978204885664, 0.0052454532124102116], "0006.npy": [0.6418997780521133, 0.018880913153371495, 0.12823822121232775, 83.50271275576227, 0.025149676948785782], "0007.npy": [0.642261947601639, 0.025097991576572685, 0.12798194153487302, -9.40960925484211, 0.024152856320142746]}