{"0000.npy": [0.6000107508907242, 0.022689333478937583, 0.12871085285720735, 4.737069031675489, 0.025204837322235107], "0001.npy": [0.5944176086169607, 0.021683677684702123, 0.12842489423779702, -85.06319178910783, 0.03049756959080696], "0002.npy": [0.5846476949152158, 0.0040377301713780175, 0.12786268960051442, 56.636446111367576, 0.0052697500213980675], "0003.npy": [0.5836555169252997, 0.04314943445344743, 0.1283441251411584, -35.817542399837, 0.004976876545697451], "0004.npy": [0.6199976370944488, 0.03889101469321077, 0.12900751543120542, 32.85760259610842, 0.004698450211435556], "0005.npy": [0.6157654085920985, 0.0042321968138756575, 0.12985437677508388, -43.922607478622034, 0.005231006536632776], "0006.npy": [0.6004208420297953, 0.02336550480111335, 0.1281688778697756, 2.208942271789695, 0.023166542872786522], "0007.npy": [0.5978200362356998, 0.019757840287801236, 0.12803954524271965, 88.90513673148689, 0.025158213451504707]}