{"0000.npy": [0.6110803080507561, 0.030439315233310248, 0.12879823488967918, -25.5256004957173, 0.02523241750895977], "0001.npy": [0.6100795771434578, 0.029369238788842355, 0.12838815290034952, 52.7131397597754, 0.030506106093525887], "0002.npy": [0.5908873869710891, 0.021559372074337876, 0.12799934630608778, 9.567570464870983, 0.015284573659300804], "0003.npy": [0.6037819161805301, 0.05223470577058643, 0.128340648740235, -71.40784652027065, 0.007210856769233942], "0004.npy": [0.6348816824195223, 0.03349668388288263, 0.12874868080798701, 8.605021580744904, 0.004930253140628338], "0005.npy": [0.614286145377678, -0.0007002639868252606, 0.13052835284605188, -74.28738813262987, 0.0052434834651649], "0006.npy": [0.6081906126571367, 0.024468114343272503, 0.12809090534513848, -28.05454056254905, 0.02522191032767296], "0007.npy": [0.60414772950133, 0.02784527178619358, 0.12824181717084712, 52.983665902525786, 0.025189733132719994]}