{"0000.npy": [0.6282178959765364, 0.031019280579045218, 0.12879823488967918, -55.5256004957173, 0.02523241750895977], "0001.npy": [0.62681619936623, 0.030592932647793794, 0.12838815290034952, 22.7131397597754, 0.030506106093525887], "0002.npy": [0.6062903417654445, 0.033425484759046754, 0.12799934630608778, -20.432429535129017, 0.015284573659300804], "0003.npy": [0.6327949984787851, 0.053543838404842316, 0.128340648740235, 78.59215347972935, 0.007210856769233942], "0004.npy": [0.650359175149658, 0.02176635231392588, 0.12874868080798701, -21.394978419255096, 0.004930253140628338], "0005.npy": [0.6154244429319835, 0.0024486952477888405, 0.13052835284605188, 75.71261186737013, 0.0052434834651649], "0006.npy": [0.6227297459114444, 0.027292916613981925, 0.12809090534513848, -58.05454056254905, 0.02522191032767296], "0007.npy": [0.6209170851154441, 0.032239062330034644, 0.12824181717084712, 22.983665902525786, 0.025189733132719994]}