{"0006.jpg": [0.6232319049175328, -0.015203062623704824, 0.21592333506988964, 64.4272644708474, 0.008], "0008.jpg": [0.6221728875796162, -0.017305207513600568, 0.2150830699214628, -31.440196551811425, 0.035], "0002.jpg": [0.6208617131230877, -0.012947543595635411, 0.21544071607178014, 64.7837219448592, 0.03], "0003.jpg": [0.6105678145991429, -0.03941216580262824, 0.21508695788088195, 13.795953548561982, 0.01], "0007.jpg": [0.6279394787843587, -0.0052951885524519515, 0.21590283068077226, -77.62035510847033, 0.009], "0000.jpg": [0.6070387663377664, -0.03460008662087703, 0.21473150599821977, -70.0117416009819, 0.009], "0001.jpg": [0.6245028099162945, -0.007913001227152647, 0.21547945688370063, 5.7194008604239315, 0.01], "0005.jpg": [0.6170948184963536, -0.01873138485882454, 0.21526918855249377, -32.18084180732015, 0.025]}