{"0006.jpg": [0.6204418407597317, 0.0365788841345042, 0.21592333506988964, -55.572735529152624, 0.008], "0008.jpg": [0.6191508385516047, 0.038547092497136004, 0.2150830699214628, 28.559803448188575, 0.035], "0002.jpg": [0.6235802734339816, 0.03750377092630033, 0.21544071607178014, -55.21627805514083, 0.03], "0003.jpg": [0.6058081875631404, 0.059650859655512055, 0.21508695788088195, 73.79595354856201, 0.01], "0007.jpg": [0.6266685244695209, 0.02754806854001472, 0.21590283068077226, -17.620355108470335, 0.009], "0000.jpg": [0.6117400945102475, 0.060301065510169845, 0.21473150599821977, -10.011741600981907, 0.009], "0001.jpg": [0.6261197666249133, 0.031833217421503815, 0.21547945688370063, 65.71940086042395, 0.01], "0005.jpg": [0.6204547672819701, 0.04365791799802574, 0.21526918855249377, 27.81915819267988, 0.025]}