{"0000.npy": [0.5940273042051298, -0.011289771303600035, 0.1282917012481149, 67.4982634178221, 0.025254087522625923], "0001.npy": [0.5935686506834004, -0.011139875584724438, 0.1280966840269362, -29.800067303725143, 0.025217970833182335], "0002.npy": [0.6015375155565045, -0.03143405446312023, 0.127825894453419, -73.09974190478164, 0.0052244397811591625], "0003.npy": [0.5703952159797354, -0.012590903420617116, 0.1287924087751485, 17.426442152105807, 0.005098360124975443], "0004.npy": [0.5914746902860408, 0.015417700083277497, 0.1287510613681596, -88.15366040697063, 0.004754266701638699], "0005.npy": [0.6246863918996661, -0.013163841187267433, 0.12922449442900277, 12.409782048856641, 0.0052454532124102116], "0006.npy": [0.5990134319154793, -0.01039596244525069, 0.12823822121232775, 53.502712755762275, 0.025149676948785782], "0007.npy": [0.5955912446735122, -0.015599025522300148, 0.12798194153487302, -39.40960925484211, 0.024152856320142746]}