{"0002.jpg": [0.6597900130052914, 0.010130042073284174, 0.21549339782810017, -2.729387255750794, 0.007], "0003.jpg": [0.6643082941128046, 0.009873759754504689, 0.21537415781630864, 86.86709218383038, 0.02], "0000.jpg": [0.6579155951174911, 0.010292773642637587, 0.21550565078236858, 2.567234656595531, 0.035]}