{"0000.npy": [0.5941089698415724, -0.01292732859301338, 0.12832874425808055, 66.90817263950464, 0.025259995833039284], "0001.npy": [0.5961288040601147, -0.015035025574666192, 0.12822771104817315, -33.244420285909314, 0.024234939366579056], "0002.npy": [0.6025657082724364, -0.03447995895300172, 0.12792960503176456, -84.06562234564396, 0.005261213518679142], "0003.npy": [0.5727032309217525, -0.012333272657446688, 0.12868647641201406, 16.88001546407527, 0.005094420164823532], "0004.npy": [0.5938690250971458, 0.015287048420753995, 0.12971740335278786, 82.4766982197973, 0.00505764689296484], "0005.npy": [0.6266446833764946, -0.01522384050195221, 0.12912668307990463, 7.316861216535742, 0.0051462966948747635], "0006.npy": [0.5976397104030311, -0.014866962689188254, 0.12943444651434324, 52.19053704757971, 0.027189282700419426], "0007.npy": [0.5993962154122761, -0.013807065578822652, 0.12847265252576784, -44.635037727519745, 0.02519235946238041]}