{"0000.npy": [0.6529428832807851, 0.009381509043427837, 0.12847104117251726, 65.94505836292194, 0.025263279676437378], "0001.npy": [0.6511866957481199, 0.01048357586527356, 0.12817935645959033, -31.38444813261316, 0.0252035241574049], "0002.npy": [0.6466657881051516, 0.03560508409344525, 0.12761391332455968, -70.5127656309682, 0.005296673160046339], "0003.npy": [0.6774348002401711, 0.003043466871013773, 0.12871398862784802, 9.277835977531822, 0.004796293564140797], "0004.npy": [0.65440616004128, -0.016253217691079052, 0.12881744937354897, 85.96125071340157, 0.004926970228552818], "0005.npy": [0.6276352968331574, 0.013310330307182608, 0.127748900670165, 3.818959444281745, 0.005282226484268904], "0006.npy": [0.6531107829420064, 0.011039994366619982, 0.13026470920783081, 45.245673827237624, 0.026173420250415802], "0007.npy": [0.6550223764507369, 0.010102845910209352, 0.12812086359597644, -48.052706147317906, 0.027172867208719254]}