{"0000.npy": [0.6043468042279061, -0.019114283520234178, 0.12871085285720735, -85.2629309683245, 0.025204837322235107], "0001.npy": [0.6053524600221416, -0.02470742579399769, 0.12842489423779702, 4.936808210892167, 0.03049756959080696], "0002.npy": [0.6229984075354658, -0.034477339495742526, 0.12786268960051442, -33.363553888632424, 0.0052697500213980675], "0003.npy": [0.5838867032533963, -0.03546951748565866, 0.1283441251411584, 54.18245760016299, 0.004976876545697451], "0004.npy": [0.588145123013633, 0.0008726026834903937, 0.12900751543120542, -57.14239740389158, 0.004698450211435556], "0005.npy": [0.6228039408929681, -0.003359625818859873, 0.12985437677508388, 46.07739252137796, 0.005231006536632776], "0006.npy": [0.6036706329057304, -0.018704192381163085, 0.1281688778697756, -87.79105772821032, 0.023166542872786522], "0007.npy": [0.6072782974190425, -0.021304998175258584, 0.12803954524271965, -1.0948632685131088, 0.025158213451504707]}