{"0000.npy": [0.6035878054316947, 0.016789011907153907, 0.12847104117251726, 5.945058362921927, 0.025263279676437378], "0001.npy": [0.6035114813336409, 0.014717075479133514, 0.12817935645959033, 88.61555186738684, 0.0252035241574049], "0002.npy": [0.5840160708481485, -0.0017588995019261226, 0.12761391332455968, 49.487234369031796, 0.005296673160046339], "0003.npy": [0.5968307524835693, 0.04116865526756817, 0.12871398862784802, -50.7221640224682, 0.004796293564140797], "0004.npy": [0.6250564916226022, 0.030873610121763432, 0.12881744937354897, 25.96125071340157, 0.004926970228552818], "0005.npy": [0.6128391396341684, -0.00709241149683977, 0.127748900670165, -56.18104055571826, 0.005282226484268904], "0006.npy": [0.602067565179396, 0.016105174617462324, 0.13026470920783081, -14.75432617276239, 0.026173420250415802], "0007.npy": [0.6019233627953997, 0.018229237385937683, 0.12812086359597644, 71.9472938526821, 0.027172867208719254]}