{"0000.npy": [0.6524265402911593, -0.000733461742565859, 0.12871085285720735, 34.7370690316755, 0.025204837322235107], "0001.npy": [0.6567675156901014, 0.0029340328595868484, 0.12842489423779702, -55.06319178910783, 0.03049756959080696], "0002.npy": [0.656405535391932, 0.023100828530844757, 0.12786268960051442, 86.6364461113676, 0.0052697500213980675], "0003.npy": [0.6768206388773099, -0.010274811967773901, 0.1283441251411584, -5.817542399837009, 0.004976876545697451], "0004.npy": [0.6432182297033217, -0.02475797236000583, 0.12900751543120542, 62.85760259610845, 0.004698450211435556], "0005.npy": [0.6295540381613101, 0.00737355863981182, 0.12985437677508388, -13.922607478622012, 0.005231006536632776], "0006.npy": [0.6524094766079447, -0.0015240888544161071, 0.1281688778697756, 32.20894227178968, 0.023166542872786522], "0007.npy": [0.6528580082392851, 0.0029006431594915325, 0.12803954524271965, -61.09486326851311, 0.025158213451504707]}