{"0006.jpg": [0.6487497315718732, 0.03554695166876638, 0.21528509465437393, 60.90663819499514, 0.013], "0002.jpg": [0.6504201938784624, 0.03818036396021088, 0.21529219312137332, -33.10582870574672, 0.033], "0003.jpg": [0.6456135876770293, 0.0361319134642485, 0.21523961514121692, 62.9474375572762, 0.03], "0007.jpg": [0.6599461911240153, 0.06380599193944207, 0.2153183580568823, 14.377057525729242, 0.009], "0000.jpg": [0.643377901542536, 0.030919075270548723, 0.21609833200770415, -75.95510764769301, 0.01], "0001.jpg": [0.6607735969997695, 0.054667459243492436, 0.2147628561232157, -62.30826416493028, 0.009], "0005.jpg": [0.639992268150083, 0.02257801136184156, 0.21550813576449324, 18.560965943706037, 0.008]}