{"0000.npy": [0.5969648897852384, -0.006756537834132523, 0.12850355832043694, 64.88704530914936, 0.02522059716284275], "0001.npy": [0.5944026398088255, -0.012711966443538374, 0.12843163325432133, -29.908296269406577, 0.025219283998012543], "0002.npy": [0.6094783804859585, -0.03987640378832134, 0.1275457332935938, -74.28031717568192, 0.005202113185077906], "0003.npy": [0.5738635233232201, -0.01342505118321109, 0.12877717059397734, 23.182354242555434, 0.004961773287504911], "0004.npy": [0.591102972067722, 0.012938541943945933, 0.1293395714292809, -78.70432030428424, 0.004953236784785986], "0005.npy": [0.632596345669364, -0.011709658353573444, 0.12785014735872846, 7.562141283634503, 0.005238886456936598], "0006.npy": [0.6018814417830979, -0.01776403902215061, 0.1298259177910887, 58.01923369125265, 0.02519235946238041], "0007.npy": [0.6016572721868857, -0.017443118092878622, 0.12766615131035255, -33.76229650830777, 0.02516740746796131]}