{"0006.jpg": [0.6202996449383221, 0.042361663996938366, 0.21554639253330823, -60.78504206714581, 0.02], "0002.jpg": [0.6210263320496953, 0.040802923978773484, 0.2153239544535701, 33.021575625981484, 0.015], "0003.jpg": [0.620610786352856, 0.041701155878375626, 0.2154603485024937, -49.78875649647398, 0.03], "0000.jpg": [0.605054615474949, 0.059723833532806865, 0.2159462696335984, 86.80398951535267, 0.02], "0001.jpg": [0.6126029370002635, 0.05688760490883065, 0.2154560302618122, -10.078800404460424, 0.008], "0005.jpg": [0.6090278892482768, 0.053665093607204, 0.2158449274266988, 78.34553779413824, 0.01]}