{"0000.npy": [0.595299006252816, -0.006725338938417865, 0.12809397106876066, 61.41278673572393, 0.02516872063279152], "0001.npy": [0.5960355313092972, -0.012305996715355282, 0.12823661294101382, -35.6600452822905, 0.025219939649105072], "0002.npy": [0.6020803516287201, -0.03642919483585962, 0.12750817234733097, -75.00397745686871, 0.005147609859704971], "0003.npy": [0.5705992253983768, -0.00453767488622539, 0.1291253886140495, 14.662020663213667, 0.004905300214886665], "0004.npy": [0.5993995869408508, 0.019790391930229356, 0.12946296189058318, 85.76528970459205, 0.00523757329210639], "0005.npy": [0.6246822217142359, -0.013129543806960306, 0.1287862275236768, -1.2034055711155958, 0.00526252668350935], "0006.npy": [0.6013690284036595, -0.007893347967508964, 0.1279433940877264, 48.36681291166923, 0.0232387762516737], "0007.npy": [0.601971978488174, -0.013726650107202634, 0.12848865726516953, -45.517914389282225, 0.025143109261989594]}