{"0000.npy": [0.641814367889896, 0.027025386816119525, 0.12871085285720735, -85.2629309683245, 0.025204837322235107], "0001.npy": [0.6408087120956605, 0.03261852908988304, 0.12842489423779702, 4.936808210892195, 0.03049756959080696], "0002.npy": [0.6231627645823363, 0.04238844279162787, 0.12786268960051442, -33.363553888632396, 0.0052697500213980675], "0003.npy": [0.6622744688644058, 0.04338062078154402, 0.1283441251411584, 54.18245760016299, 0.004976876545697451], "0004.npy": [0.6580160491041691, 0.007038500612394966, 0.12900751543120542, -57.14239740389155, 0.004698450211435556], "0005.npy": [0.623357231224834, 0.01127072911474522, 0.12985437677508388, 46.07739252137799, 0.005231006536632776], "0006.npy": [0.6424905392120717, 0.02661529567704843, 0.1281688778697756, -87.79105772821032, 0.023166542872786522], "0007.npy": [0.6388828746987596, 0.029216101471143927, 0.12803954524271965, -1.0948632685131088, 0.025158213451504707]}