{"0006.jpg": [0.6465712653577701, -0.013929451277852367, 0.21521788203228107, -59.83060693225289, 0.01], "0002.jpg": [0.6500422230927377, -0.019314935215710587, 0.21533716190582267, 25.077844250869077, 0.03], "0003.jpg": [0.6456813294829024, -0.01836355878848424, 0.21601068000476695, -64.21564471523237, 0.03], "0007.jpg": [0.6607751188505587, -0.03629145092775938, 0.21529617813286211, 68.02020817279629, 0.01], "0000.jpg": [0.6542817142068846, -0.03487400604974885, 0.21487010998988662, -11.864735175951466, 0.009], "0001.jpg": [0.64313207910784, -0.00926229920777901, 0.215705663750683, -22.896874038944446, 0.009], "0005.jpg": [0.6425210789242438, -0.01138453142915107, 0.2150385957968947, 65.36700912247287, 0.0075]}