{"0000.jpg": [0.601729580455209, 0.0130917924528565, 0.2153914051807992, 359.68765041968754, 0.18899645143365756, 1.591955850834566, 0.008], "0001.jpg": [0.600813056815274, 0.014666843078124625, 0.2153172844253757, 359.2077272829453, 2.884766229937732, 88.09678050341162, 0.03], "0002.jpg": [0.6022650335733157, 0.006567168014448305, 0.21532487164904696, 0.2795721505537756, 0.7372503392716342, 0.878408028302033, 0.025], "0003.jpg": [0.5821193115493022, 0.022998139834704983, 0.21550834705430266, 1.4689692782186796, -2.5445632754120764, -42.77654402430353, 0.008], "0004.jpg": [0.5886645708730817, -0.009333379904663158, 0.21493684696561152, 359.07222874604685, -2.4305105084986556, 55.72973100688327, 0.006], "0005.jpg": [0.6213507267960561, 0.03041271487801263, 0.21584826620301395, 359.07695747964385, -0.689308118843939, 53.602495607573786, 0.007], "0006.jpg": [0.621870530271132, -0.004336742148765912, 0.21552005531879861, 0.586561424158532, -0.6832708012951044, -47.06861205690326, 0.008]}