{"0000.npy": [0.6469944995695005, 0.02359556530945987, 0.12832874425808055, -83.09182736049536, 0.025259995833039284], "0001.npy": [0.6441914233339834, 0.02441096732977983, 0.12822771104817315, -3.244420285909314, 0.024234939366579056], "0002.npy": [0.628894434075218, 0.038032321504153525, 0.12792960503176456, -54.06562234564399, 0.005261213518679142], "0003.npy": [0.6658294412286252, 0.03378396723790016, 0.12868647641201406, 46.88001546407526, 0.005094420164823532], "0004.npy": [0.6613094863205623, -0.0007188295642010659, 0.12971740335278786, -67.5233017802027, 0.00505764689296484], "0005.npy": [0.6176694891635353, 0.009316546195233304, 0.12912668307990463, 37.316861216535756, 0.0051462966948747635], "0006.npy": [0.6429669715010177, 0.023509967430064446, 0.12943444651434324, 82.19053704757971, 0.027189282700419426], "0007.npy": [0.6419757420963197, 0.021713817102467604, 0.12847265252576784, -14.635037727519716, 0.02519235946238041]}