{"0000.npy": [0.6011809835081227, 0.022162609980030834, 0.12809397106876066, 1.4127867357239268, 0.02516872063279152], "0001.npy": [0.5967162546317083, 0.01873443168212558, 0.12823661294101382, 84.3399547177095, 0.025219939649105072], "0002.npy": [0.578847362398538, 0.001437864663940819, 0.12750817234733097, 44.99602254313129, 0.005147609859704971], "0003.npy": [0.5907256657250478, 0.04464707969397987, 0.1291253886140495, -45.337979336786326, 0.004905300214886665], "0004.npy": [0.6261945703842998, 0.03186926836824836, 0.12946296189058318, 25.76528970459205, 0.00523757329210639], "0005.npy": [0.6103263871316349, -0.006486103488701754, 0.1287862275236768, -61.203405571115596, 0.00526252668350935], "0006.npy": [0.6032044690925019, 0.016321812081320542, 0.1279433940877264, -11.633187088330786, 0.0232387762516737], "0007.npy": [0.5984541562938344, 0.01288299092107013, 0.12848865726516953, 74.48208561071777, 0.025143109261989594]}