{"0000.npy": [0.5943697435886244, 0.008506671048535313, 0.12809397106876066, 31.412786735723927, 0.02516872063279152], "0001.npy": [0.5922172641095922, 0.0033054171156396955, 0.12823661294101382, -65.6600452822905, 0.025219939649105072], "0002.npy": [0.5853906330072727, -0.020608295436953538, 0.12750817234733097, 74.99602254313129, 0.005147609859704971], "0003.npy": [0.5740729379268679, 0.02275113411989958, 0.1291253886140495, -15.337979336786333, 0.004905300214886665], "0004.npy": [0.6111788160690541, 0.029419677236677592, 0.12946296189058318, 55.76528970459205, 0.00523757329210639], "0005.npy": [0.6166142521888145, -0.011731140789372391, 0.1287862275236768, -31.203405571115596, 0.00526252668350935], "0006.npy": [0.5990425324582436, 0.004460134482071069, 0.1279433940877264, 18.366812911669214, 0.0232387762516737], "0007.npy": [0.5966480514788003, -0.0008931284011110484, 0.12848865726516953, -75.51791438928223, 0.025143109261989594]}