{"0000.npy": [0.593200372503691, 0.005197209073928892, 0.1282917012481149, 37.498263417822116, 0.025254087522625923], "0001.npy": [0.5928781147617759, 0.005556349335258422, 0.1280966840269362, -59.80006730372514, 0.025217970833182335], "0002.npy": [0.5896322647420116, -0.016003357558929992, 0.127825894453419, 76.90025809521836, 0.0052244397811591625], "0003.npy": [0.5720838176975157, 0.015886439719609464, 0.1287924087751485, -12.573557847894193, 0.005098360124975443], "0004.npy": [0.6043434796971449, 0.029602864725355345, 0.1287510613681596, 61.84633959302937, 0.004754266701638699], "0005.npy": [0.6188148863621805, -0.011755326901062561, 0.12922449442900277, -17.59021795114336, 0.0052454532124102116], "0006.npy": [0.5979653901965417, 0.0034782063962122633, 0.12823822121232775, 23.502712755762275, 0.025149676948785782], "0007.npy": [0.5924001575699666, 0.0006833152149781285, 0.12798194153487302, -69.40960925484211, 0.024152856320142746]}