{"0000.npy": [0.6303823561134486, -0.03293906827914607, 0.12879823488967918, -25.525600495717327, 0.02523241750895977], "0001.npy": [0.6313830870207467, -0.031868991834678194, 0.12838815290034952, 52.7131397597754, 0.030506106093525887], "0002.npy": [0.6505752771931154, -0.02405912512017373, 0.12799934630608778, 9.567570464870983, 0.015284573659300804], "0003.npy": [0.6376807479836745, -0.054734458816422256, 0.128340648740235, -71.40784652027065, 0.007210856769233942], "0004.npy": [0.6065809817446823, -0.03599643692871846, 0.12874868080798701, 8.605021580744904, 0.004930253140628338], "0005.npy": [0.6271765187865266, -0.001799489059010569, 0.13052835284605188, -74.2873881326299, 0.0052434834651649], "0006.npy": [0.6332720515070678, -0.026967867389108342, 0.12809090534513848, -28.054540562549022, 0.02522191032767296], "0007.npy": [0.6373149346628746, -0.03034502483202941, 0.12824181717084712, 52.983665902525786, 0.025189733132719994]}