{"0006.jpg": [0.643839987576312, -0.014766558730917683, 0.21542044387180584, -60.314523876028375, 0.008], "0002.jpg": [0.6488543914308492, -0.016437382457298685, 0.21553515611590687, 28.28705326112879, 0.02], "0003.jpg": [0.6483919840555823, -0.015771105642930123, 0.2151686936200616, -57.39697170321551, 0.035], "0007.jpg": [0.659098318574079, -0.032562654620044054, 0.21599355525153133, 77.33581320027977, 0.009], "0000.jpg": [0.6406670806478597, -0.004558309847445836, 0.21583038259214654, -15.028596528664877, 0.01], "0001.jpg": [0.6553573155809904, -0.03700402295096171, 0.21479437095187176, -6.179755850527442, 0.009], "0005.jpg": [0.6423905182904308, -0.011095048729613307, 0.21520653924578392, 67.79829690766888, 0.008]}