{"0000.npy": [0.6111248318280159, 0.030873159720631704, 0.12893890687032764, -21.856632574132163, 0.025177257135510445], "0001.npy": [0.6118192312333891, 0.02884878425889761, 0.1284270106734921, 64.32931675797988, 0.024224434047937393], "0002.npy": [0.5862816361524849, 0.020956645421420905, 0.12824843730180183, 20.98164648331874, 0.005240856669843197], "0003.npy": [0.6121584549322765, 0.05553011246322871, 0.1285886046787819, -73.60773835968871, 0.004974250216037035], "0004.npy": [0.6367383277402182, 0.02874726984179141, 0.1291050856132789, -3.4112422756599017, 0.005088509991765022], "0005.npy": [0.6118873996475738, 0.0016576903196084745, 0.1297168372005769, -80.29458615336625, 0.005204083397984505], "0006.npy": [0.6105456397622855, 0.02702067332086699, 0.12838220513187443, -29.836832093273756, 0.025147706270217896], "0007.npy": [0.605079490913021, 0.026771800600514394, 0.1293029738386153, 54.435110401154304, 0.027195192873477936]}