{"0006.jpg": [0.6502657369936244, -0.013605989389373359, 0.21535796493612427, -56.44185319824254, 0.01], "0002.jpg": [0.6487938485375426, -0.01749731851856852, 0.2153062946932541, 29.417349620138168, 0.035], "0003.jpg": [0.6470502686366131, -0.013953174365311467, 0.215240303336653, -63.08976532885771, 0.03], "0007.jpg": [0.6638686359889429, -0.0350249320708226, 0.21541128122847814, 72.10433875298264, 0.007], "0000.jpg": [0.6420705058760504, -0.0014342163336315116, 0.2156636089574904, -25.691434474694404, 0.007], "0001.jpg": [0.6581720760081412, -0.035297046941921144, 0.2147562560283312, -15.631385888577455, 0.006], "0005.jpg": [0.6460441341835457, -0.011098079303721867, 0.21517342295818734, 67.36667320528124, 0.005]}