{"0006.jpg": [0.6191103427939919, 0.03420211039111833, 0.21535796493612427, -56.44185319824254, 0.01], "0002.jpg": [0.6205822312500737, 0.03809343952031349, 0.2153062946932541, 29.417349620138168, 0.035], "0003.jpg": [0.6223258111510033, 0.03454929536705645, 0.215240303336653, -63.08976532885771, 0.03], "0007.jpg": [0.6055074437986734, 0.05562105307256757, 0.21541128122847814, 72.10433875298264, 0.007], "0000.jpg": [0.6273055739115659, 0.02203033733537649, 0.2156636089574904, -25.691434474694404, 0.007], "0001.jpg": [0.6112040037794751, 0.05589316794366612, 0.2147562560283312, -15.631385888577483, 0.006], "0005.jpg": [0.6233319456040707, 0.03169420030546684, 0.21517342295818734, 67.36667320528124, 0.005]}