{"0006.jpg": [0.6503381616597466, 0.03818972842706693, 0.21592333506988964, 64.42726447084738, 0.008], "0008.jpg": [0.6513971789976631, 0.040291873316962684, 0.2150830699214628, -31.440196551811425, 0.035], "0002.jpg": [0.6527083534541916, 0.035934209398997524, 0.21544071607178014, 64.78372194485917, 0.03], "0003.jpg": [0.6630022519781364, 0.06239883160599034, 0.21508695788088195, 13.79595354856201, 0.01], "0007.jpg": [0.6456305877929206, 0.028281854355814064, 0.21590283068077226, -77.62035510847033, 0.009], "0000.jpg": [0.6665313002395129, 0.05758675242423915, 0.21473150599821977, -70.0117416009819, 0.009], "0001.jpg": [0.6490672566609849, 0.030899667030514767, 0.21547945688370063, 5.719400860423946, 0.01], "0005.jpg": [0.6564752480809257, 0.04171805066218665, 0.21526918855249377, -32.18084180732012, 0.025]}