{"0000.npy": [0.6260793119114648, 0.03238454970406877, 0.12893890687032764, -51.85663257413216, 0.025177257135510445], "0001.npy": [0.6256684917060238, 0.030284189424722607, 0.1284270106734921, 34.32931675797988, 0.024224434047937393], "0002.npy": [0.5996062161956619, 0.03621819424172612, 0.12824843730180183, -9.018353516681259, 0.005240856669843197], "0003.npy": [0.6393029321489916, 0.05322128560693987, 0.1285886046787819, 76.39226164031129, 0.004974250216037035], "0004.npy": [0.6471983051117408, 0.01773672710724371, 0.1291050856132789, -33.4112422756599, 0.005088509991765022], "0005.npy": [0.6121319803147989, 0.006701927109516803, 0.1297168372005769, 69.70541384663375, 0.005204083397984505], "0006.npy": [0.6236514736689895, 0.029337794647003722, 0.12838220513187443, -59.836832093273756, 0.025147706270217896], "0007.npy": [0.6187932135444831, 0.03185533897350161, 0.1293029738386153, 24.435110401154304, 0.027195192873477936]}