{"0006.jpg": [0.647982210519973, 0.03656949976420739, 0.2161401305034559, 60.135373883164334, 0.007], "0002.jpg": [0.6462751575253098, 0.04026431332631171, 0.21522237558271867, -31.07127460582541, 0.035], "0003.jpg": [0.65030012304605, 0.04010175523800349, 0.21593787960482466, 63.380770894214265, 0.027], "0007.jpg": [0.6559229789766844, 0.05865985958384924, 0.215202746377829, 15.297625725126636, 0.008], "0000.jpg": [0.6396282628868873, 0.02663768003219253, 0.215829943063775, -75.6272060974369, 0.01], "0001.jpg": [0.6431220950038914, 0.029738919801086564, 0.2151702824458534, 2.012333968086182, 0.0075], "0005.jpg": [0.6612001452910469, 0.05726398765590769, 0.21536799009049803, -68.82656418964768, 0.01]}