{"0006.jpg": [0.6205604814915558, -0.015316364809828438, 0.21521788203228107, 60.16939306774711, 0.01], "0002.jpg": [0.6176319944571814, -0.021015044352701656, 0.21533716190582267, -34.92215574913092, 0.03], "0003.jpg": [0.6162754638068033, -0.016762711489769752, 0.21601068000476695, 55.78435528476763, 0.03], "0007.jpg": [0.608296348461712, -0.038798262591169225, 0.21529617813286211, 8.020208172796288, 0.01], "0000.jpg": [0.6062771894126961, -0.032466086773690395, 0.21487010998988662, -71.86473517595147, 0.009], "0001.jpg": [0.6228827606225994, -0.010004366114006126, 0.215705663750683, -82.89687403894445, 0.009], "0005.jpg": [0.6207393535143633, -0.010536340543980971, 0.2150385957968947, 5.367009122472865, 0.0075]}