{"0000.npy": [0.5953217375002157, -0.006656620753320669, 0.12871085285720735, 64.7370690316755, 0.025204837322235107], "0001.npy": [0.5933960898286048, -0.012003251946498258, 0.12842489423779702, -25.063191789107833, 0.03049756959080696], "0002.npy": [0.603792971798118, -0.029287219161653007, 0.12786268960051442, -63.363553888632424, 0.0052697500213980675], "0003.npy": [0.5694251533095831, -0.010590618364961456, 0.1283441251411584, 24.18245760016299, 0.004976876545697451], "0004.npy": [0.5912841130865003, 0.018753371048790116, 0.12900751543120542, -87.14239740389158, 0.004698450211435556], "0005.npy": [0.6191834155839676, -0.002241255288533337, 0.12985437677508388, 16.07739252137796, 0.005231006536632776], "0006.npy": [0.5949412015274365, -0.005963385747930321, 0.1281688778697756, 62.20894227178968, 0.023166542872786522], "0007.npy": [0.5967651277472487, -0.01001958189258284, 0.12803954524271965, -31.09486326851311, 0.025158213451504707]}