{"0000.npy": [0.6139076597754266, 0.030583380047485748, 0.12809397106876066, -28.5872132642761, 0.02516872063279152], "0001.npy": [0.6083270019984892, 0.02984685499100446, 0.12823661294101382, 54.339954717709475, 0.025219939649105072], "0002.npy": [0.5842038038779849, 0.02380203467158158, 0.12750817234733097, 14.99602254313129, 0.005147609859704971], "0003.npy": [0.6160953238276191, 0.05528316090192485, 0.1291253886140495, -75.3379793367863, 0.004905300214886665], "0004.npy": [0.6404233906440738, 0.02648279935945084, 0.12946296189058318, -4.234710295407922, 0.00523757329210639], "0005.npy": [0.6075034549068842, 0.0012001645860657954, 0.1287862275236768, 88.79659442888442, 0.00526252668350935], "0006.npy": [0.6127396507463355, 0.02451335789664224, 0.1279433940877264, -41.63318708833077, 0.0232387762516737], "0007.npy": [0.6069063486066418, 0.023910407812127686, 0.12848865726516953, 44.482085610717775, 0.025143109261989594]}