{"0002.jpg": [0.6142201579314905, -0.012990802393980642, 0.21549339782810017, 57.270612744249206, 0.007], "0003.jpg": [0.6117390703791301, -0.016775607455136652, 0.21537415781630864, -33.13290781616962, 0.02], "0000.jpg": [0.6152982965484484, -0.011448874670514385, 0.21550565078236858, 62.56723465659553, 0.035]}