{"0000.jpg": [0.6008561613831673, 0.010440667256855973, 0.21549339782810017, 359.8484019178986, 1.7893693791654646, -2.729387255750794, 0.007], "0001.jpg": [0.5963123216225326, 0.010914678582704234, 0.21537415781630864, 359.0224373595969, 0.9991165935927008, 86.86709218383038, 0.02], "0002.jpg": [0.6031089347332448, 0.007038909846421497, 0.21550565078236858, 359.6373056217843, 0.3547866857840474, 2.567234656595531, 0.035]}