{"0002.jpg": [0.6008713321544237, 0.01331896569981049, 0.21549339782810017, -2.729387255750794, 0.007], "0003.jpg": [0.5963530510469105, 0.013575248018589982, 0.21537415781630864, 86.86709218383038, 0.02], "0000.jpg": [0.602745750042224, 0.013156234130457087, 0.21550565078236858, 2.567234656595531, 0.035]}