{"0000.npy": [0.6433494651527192, 0.022952751338876153, 0.12879823488967918, -85.5256004957173, 0.02523241750895977], "0001.npy": [0.6419223863141695, 0.02328437150471468, 0.12838815290034952, -7.286860240224598, 0.030506106093525887], "0002.npy": [0.6255627482530538, 0.036000362390995744, 0.12799934630608778, -50.43242953512902, 0.015284573659300804], "0003.npy": [0.6585756311082903, 0.04017103937390369, 0.128340648740235, 48.59215347972935, 0.007210856769233942], "0004.npy": [0.6578979112563661, 0.003868840815326951, 0.12874868080798701, -51.3949784192551, 0.004930253140628338], "0005.npy": [0.6179847171483848, 0.004606625163293519, 0.13052835284605188, 45.71261186737013, 0.0052434834651649], "0006.npy": [0.6367334057940366, 0.022469700513930435, 0.12809090534513848, -88.05454056254905, 0.02522191032767296], "0007.npy": [0.6376366683542826, 0.02765951875285183, 0.12824181717084712, -7.016334097474214, 0.025189733132719994]}