{"0000.npy": [0.6567807794959158, 0.00942493032756937, 0.12832874425808055, 66.90817263950464, 0.025259995833039284], "0001.npy": [0.6547609452773735, 0.011532627309222224, 0.12822771104817315, -33.244420285909314, 0.024234939366579056], "0002.npy": [0.6483240410650518, 0.030977560687557734, 0.12792960503176456, -84.06562234564399, 0.005261213518679142], "0003.npy": [0.6781865184157357, 0.00883087439200273, 0.12868647641201406, 16.880015464075257, 0.005094420164823532], "0004.npy": [0.6570207242403424, -0.018789446686197975, 0.12971740335278786, 82.4766982197973, 0.00505764689296484], "0005.npy": [0.6242450659609936, 0.011721442236508233, 0.12912668307990463, 7.316861216535756, 0.0051462966948747635], "0006.npy": [0.6532500389344571, 0.011364564423744275, 0.12943444651434324, 52.19053704757971, 0.027189282700419426], "0007.npy": [0.6514935339252121, 0.010304667313378662, 0.12847265252576784, -44.635037727519716, 0.02519235946238041]}