{"0006.jpg": [0.6460855026388805, -0.013062901176553725, 0.21528509465437393, -59.09336180500489, 0.013], "0002.jpg": [0.647530873428615, -0.01582627011584659, 0.21529219312137332, 26.894171294253283, 0.033], "0003.jpg": [0.6481601663614334, -0.010639401791436517, 0.21523961514121692, -57.0525624427238, 0.03], "0007.jpg": [0.6649603196237821, -0.03688883971649162, 0.2153183580568823, 74.37705752572924, 0.009], "0000.jpg": [0.6447635591271181, -0.006096821707226814, 0.21609833200770415, -15.95510764769304, 0.01], "0001.jpg": [0.656632415217898, -0.03303612787616032, 0.2147628561232157, -2.3082641649302786, 0.009], "0005.jpg": [0.6392328025838148, 0.0010057547728919234, 0.21550813576449324, 78.56096594370607, 0.008]}