{"0006.jpg": [0.6614935329871651, 0.009955561059550578, 0.2161401305034559, 0.13537388316433407, 0.007], "0002.jpg": [0.6638398088968632, 0.013281319099587206, 0.21522237558271867, 88.92872539417459, 0.035], "0003.jpg": [0.6657115122231676, 0.009714317665115716, 0.21593787960482466, 3.3807708942142654, 0.027], "0007.jpg": [0.6845947299980697, 0.014123833760289195, 0.215202746377829, -44.702374274873364, 0.008], "0000.jpg": [0.6487153509768898, 0.012224382065680117, 0.215829943063775, 44.3727939025631, 0.01], "0001.jpg": [0.6531480194584807, 0.010749254580243686, 0.2151702824458534, -57.98766603191382, 0.0075], "0005.jpg": [0.686024452605224, 0.00885573770808499, 0.21536799009049803, 51.173435810352316, 0.01]}