{"0006.jpg": [0.6495694291516484, -0.015393825103127532, 0.21554639253330823, -60.78504206714581, 0.02], "0002.jpg": [0.6488427420402753, -0.013835085084962654, 0.2153239544535701, 33.021575625981484, 0.015], "0003.jpg": [0.6492582877371145, -0.014733316984564785, 0.2154603485024937, -49.78875649647398, 0.03], "0000.jpg": [0.6648144586150215, -0.032755994638996026, 0.2159462696335984, 86.80398951535267, 0.02], "0001.jpg": [0.657266137089707, -0.029919766015019805, 0.2154560302618122, -10.078800404460424, 0.008], "0005.jpg": [0.6608411848416937, -0.02669725471339316, 0.2158449274266988, 78.34553779413821, 0.01]}