{"0000.npy": [0.6416188729951038, -0.015269952390707907, 0.12850355832043694, 4.887045309149357, 0.02522059716284275], "0001.npy": [0.6480575504494803, -0.014511211656424626, 0.12843163325432133, -89.90829626940658, 0.025219283998012543], "0002.npy": [0.6640447729310066, 0.012126981423230402, 0.1275457332935938, 45.719682824318056, 0.005202113185077906], "0003.npy": [0.6589446581918906, -0.031942065934410346, 0.12877717059397734, -36.81764575744455, 0.004961773287504911], "0004.npy": [0.6274933924364848, -0.0301940619380104, 0.1293395714292809, 41.29567969571576, 0.004953236784785986], "0005.npy": [0.6280926732508828, 0.018064353838489824, 0.12785014735872846, -52.4378587163655, 0.005238886456936598], "0006.npy": [0.6486933726571851, -0.005508342867525388, 0.1298259177910887, -1.9807663087473202, 0.02519235946238041], "0007.npy": [0.6485275317779355, -0.005862939897237266, 0.12766615131035255, 86.23770349169223, 0.02516740746796131]}