{"0000.npy": [0.6303832798181667, -0.02290735319703135, 0.12850355832043694, -25.112954690850643, 0.02522059716284275], "0001.npy": [0.6363387084275725, -0.025469603173444242, 0.12843163325432133, 60.09170373059342, 0.025219283998012543], "0002.npy": [0.6635031457723555, -0.010393862496311293, 0.1275457332935938, 15.719682824318056, 0.005202113185077906], "0003.npy": [0.6370517931672453, -0.04600871965904967, 0.12877717059397734, -66.81764575744455, 0.004961773287504911], "0004.npy": [0.6106882000400882, -0.028769270914547704, 0.1293395714292809, 11.295679695715762, 0.004953236784785986], "0005.npy": [0.6353364003376075, 0.012724102687094237, 0.12785014735872846, -82.4378587163655, 0.005238886456936598], "0006.npy": [0.6413907810061847, -0.017990801199171833, 0.1298259177910887, -31.98076630874735, 0.02519235946238041], "0007.npy": [0.6410698600769128, -0.01821497079538404, 0.12766615131035255, 56.23770349169223, 0.02516740746796131]}