{"0000.jpg": [0.6032864433121732, 0.01066040563480408, 0.21561479093368774, 359.90899426608667, 3.137624410897325, -1.0834593366839158, 0.008], "0001.jpg": [0.598955241773597, 0.013478756485337803, 0.21584602962663893, 358.24180003941535, 2.463454698078859, -89.61578789664276, 0.03], "0002.jpg": [0.6027135617871404, 0.008186726139654914, 0.21516852752539423, 359.57106718516934, 3.2128614050130477, 5.884777505802319, 0.035], "0003.jpg": [0.5851132109349143, -0.012987944468040179, 0.21488721007886033, 359.15900883157997, -2.3180316661824794, 59.53622309713003, 0.01], "0004.jpg": [0.5836185755431232, 0.024924581662506613, 0.21560270785376562, 359.8527446022848, -1.7397562720635744, -29.634280092668874, 0.01], "0005.jpg": [0.6182020751743263, 0.02726119648333138, 0.2159360815951917, 359.04039905477873, 0.8237432515996774, 45.902856621903936, 0.01], "0006.jpg": [0.6183270276513468, -0.0016408548687123253, 0.21562718650133442, 0.5302526686986653, 0.31394818100429195, -46.32673484848336, 0.008]}