{"0000.npy": [0.6007277188318146, 0.019888818763283946, 0.1282917012481149, 7.498263417822116, 0.025254087522625923], "0001.npy": [0.6006282055714147, 0.020360972224074635, 0.1280966840269362, -89.80006730372514, 0.025217970833182335], "0002.npy": [0.5870373635503304, 0.003312643365443104, 0.127825894453419, 46.90025809521836, 0.0052244397811591625], "0003.npy": [0.5877848612521008, 0.03970424145244206, 0.1287924087751485, -42.57355784789419, 0.005098360124975443], "0004.npy": [0.6225807605641521, 0.035453182956707505, 0.1287510613681596, 31.846339593029384, 0.004754266701638699], "0005.npy": [0.6144342705513595, -0.007599764978873052, 0.12922449442900277, -47.59021795114336, 0.0052454532124102116], "0006.npy": [0.6039948438644475, 0.016017609928782442, 0.12823822121232775, -6.497287244237725, 0.025149676948785782], "0007.npy": [0.5977777654412463, 0.016379779478308196, 0.12798194153487302, 80.59039074515789, 0.024152856320142746]}