{"0006.jpg": [0.6631784029019998, 0.011836716976649586, 0.21535796493612427, 3.5581468017574593, 0.01], "0002.jpg": [0.6658124485543283, 0.00861635961754812, 0.2153062946932541, 89.41734962013817, 0.035], "0003.jpg": [0.6618713397324688, 0.008878447206443726, 0.215240303336653, -3.089765328857709, 0.03], "0007.jpg": [0.6885292008839969, 0.012907701730984641, 0.21541128122847814, -47.89566124701736, 0.007], "0000.jpg": [0.6485397226678414, 0.010825325166816727, 0.2156636089574904, 34.308565525305596, 0.007], "0001.jpg": [0.685916579284715, 0.007838278637879257, 0.2147562560283312, 44.36861411142252, 0.006], "0005.jpg": [0.658895687652379, 0.009434656741259354, 0.21517342295818734, -52.633326794718755, 0.005]}