{"0000.npy": [0.6173757152517664, -0.026263255125220094, 0.12809397106876066, -58.58721326427607, 0.02516872063279152], "0001.npy": [0.622576969184662, -0.028415734604252247, 0.12823661294101382, 24.339954717709475, 0.025219939649105072], "0002.npy": [0.6464906817372552, -0.03524236570657184, 0.12750817234733097, -15.00397745686871, 0.005147609859704971], "0003.npy": [0.6031312521804021, -0.04656006078697663, 0.1291253886140495, 74.66202066321367, 0.004905300214886665], "0004.npy": [0.5964627090636241, -0.009454182644790381, 0.12946296189058318, -34.23471029540795, 0.00523757329210639], "0005.npy": [0.6376135270896741, -0.004018746525029943, 0.1287862275236768, 58.79659442888442, 0.00526252668350935], "0006.npy": [0.6214222518182306, -0.021590466255600904, 0.1279433940877264, -71.63318708833077, 0.0232387762516737], "0007.npy": [0.6267755147014128, -0.02398494723504416, 0.12848865726516953, 14.482085610717775, 0.025143109261989594]}