{"0000.npy": [0.5989295671670792, 0.02208701755822539, 0.12893890687032764, 8.14336742586785, 0.025177257135510445], "0001.npy": [0.6005431224233723, 0.020681056684252404, 0.1284270106734921, -85.67068324202009, 0.024224434047937393], "0002.npy": [0.582372985750487, 0.0010774664203516567, 0.12824843730180183, 50.98164648331877, 0.005240856669843197], "0003.npy": [0.587496234662009, 0.0439573765653571, 0.1285886046787819, -43.60773835968873, 0.004974250216037035], "0004.npy": [0.6221744502461954, 0.03305269087360261, 0.1291050856132789, 26.588757724340127, 0.005088509991765022], "0005.npy": [0.6141977049714364, -0.00283303721676875, 0.1297168372005769, -50.29458615336623, 0.005204083397984505], "0006.npy": [0.6003542153243686, 0.018461070435429848, 0.12838220513187443, 0.16316790672627235, 0.025147706270217896], "0007.npy": [0.5957448279202149, 0.01551246591266337, 0.1293029738386153, 84.4351104011543, 0.027195192873477936]}