{"0006.jpg": [0.6583755549393335, 0.00929000508862364, 0.21521788203228107, 0.16939306774713714, 0.01], "0002.jpg": [0.6647749997086757, 0.009603200693638651, 0.21533716190582267, 85.07784425086908, 0.03], "0003.jpg": [0.6617706367492182, 0.006302244257933089, 0.21601068000476695, -4.215644715232372, 0.03], "0007.jpg": [0.684843541461966, 0.01040990322005743, 0.21529617813286211, -51.97979182720371, 0.01], "0000.jpg": [0.6803692958673078, 0.005495172280589121, 0.21487010998988662, 48.135264824048534, 0.009], "0001.jpg": [0.6526140895583599, 0.008645158462874695, 0.215705663750683, 37.103125961055525, 0.009], "0005.jpg": [0.6541464964829998, 0.007054900671477479, 0.2150385957968947, -54.632990877527135, 0.0075]}