{"0000.npy": [0.6480302063093352, -0.022895229868795823, 0.1282917012481149, 7.498263417822102, 0.025254087522625923], "0001.npy": [0.6481297195697351, -0.023367383329586513, 0.1280966840269362, -89.80006730372514, 0.025217970833182335], "0002.npy": [0.6617205615908194, -0.006319054470954995, 0.127825894453419, 46.90025809521836, 0.0052244397811591625], "0003.npy": [0.660973063889049, -0.042710652557953935, 0.1287924087751485, -42.57355784789419, 0.005098360124975443], "0004.npy": [0.6261771645769977, -0.038459594062219396, 0.1287510613681596, 31.84633959302937, 0.004754266701638699], "0005.npy": [0.6343236545897903, 0.004593353873361168, 0.12922449442900277, -47.59021795114336, 0.0052454532124102116], "0006.npy": [0.6447630812767023, -0.01902402103429433, 0.12823822121232775, -6.497287244237725, 0.025149676948785782], "0007.npy": [0.6509801596999035, -0.01938619058382007, 0.12798194153487302, 80.59039074515789, 0.024152856320142746]}