{"0000.npy": [0.6388966943747421, 0.021746630012834063, 0.12850355832043694, -85.11295469085064, 0.02522059716284275], "0001.npy": [0.6381379536404588, 0.028185307467210596, 0.12843163325432133, 0.09170373059339454, 0.025219283998012543], "0002.npy": [0.6114997605608037, 0.04417252994873688, 0.1275457332935938, -44.280317175681944, 0.005202113185077906], "0003.npy": [0.6555688079184445, 0.0390724152096209, 0.12877717059397734, 53.18235424255545, 0.004961773287504911], "0004.npy": [0.6538208039220446, 0.007621149454215115, 0.1293395714292809, -48.70432030428424, 0.004953236784785986], "0005.npy": [0.6055623881455443, 0.008220430268613077, 0.12785014735872846, 37.5621412836345, 0.005238886456936598], "0006.npy": [0.6291350848515596, 0.028821129674915343, 0.1298259177910887, 88.01923369125268, 0.02519235946238041], "0007.npy": [0.6294896818812714, 0.028655288795665815, 0.12766615131035255, -3.76229650830777, 0.02516740746796131]}