{"0000.jpg": [0.6025647411916657, 0.012935728161819647, 0.21554639253330823, 359.8589901109202, 1.9543941221590508, -0.7850420671457954, 0.02], "0001.jpg": [0.6045082941446576, 0.00974093697653538, 0.2153239544535701, 359.1985695439394, -0.9199128106522476, -86.97842437401852, 0.015], "0002.jpg": [0.6033378366226536, 0.011743003555430915, 0.2154603485024937, 359.76356849024233, 3.596587220307871, 10.211243503526006, 0.03], "0003.jpg": [0.5818945550223159, 0.02823856870529096, 0.2159462696335984, 2.0786011035777108, -3.0708730129925956, -33.19601048464733, 0.02], "0004.jpg": [0.5893879547115513, -0.004068547900418534, 0.2154560302618122, 358.13134751856717, 1.3728163216524911, 49.921199595539576, 0.008], "0005.jpg": [0.5897032022068099, 0.028969638859312873, 0.2158449274266988, 1.725157305941707, -1.695865827814195, -41.65446220586178, 0.01]}