{"0000.npy": [0.6317198961197027, -0.02342632976813954, 0.12893890687032764, -21.856632574132163, 0.025177257135510445], "0001.npy": [0.6310254967143295, -0.021401954306405454, 0.1284270106734921, 64.32931675797991, 0.024224434047937393], "0002.npy": [0.6565630917952338, -0.01350981546892875, 0.12824843730180183, 20.98164648331874, 0.005240856669843197], "0003.npy": [0.630686273015442, -0.04808328251073656, 0.1285886046787819, -73.60773835968874, 0.004974250216037035], "0004.npy": [0.6061064002075004, -0.02130043988929925, 0.1291050856132789, -3.4112422756599017, 0.005088509991765022], "0005.npy": [0.6309573283001448, 0.005789139632883689, 0.1297168372005769, -80.29458615336623, 0.005204083397984505], "0006.npy": [0.6322990881854331, -0.019573843368374824, 0.12838220513187443, -29.836832093273728, 0.025147706270217896], "0007.npy": [0.6377652370346976, -0.01932497064802221, 0.1293029738386153, 54.435110401154304, 0.027195192873477936]}