{"0006.jpg": [0.6160484448176217, 0.03985031477644316, 0.21542044387180584, -60.314523876028375, 0.008], "0002.jpg": [0.6110340409630844, 0.04152113850282417, 0.21553515611590687, 28.28705326112879, 0.02], "0003.jpg": [0.6114964483383515, 0.040854861688455604, 0.2151686936200616, -57.39697170321551, 0.035], "0007.jpg": [0.6007901138198547, 0.057646410665569525, 0.21599355525153133, 77.33581320027974, 0.009], "0000.jpg": [0.619221351746074, 0.029642065892971317, 0.21583038259214654, -15.028596528664877, 0.01], "0001.jpg": [0.6045311168129432, 0.062087778996487195, 0.21479437095187176, -6.179755850527442, 0.009], "0005.jpg": [0.6174979141035029, 0.036178804775138795, 0.21520653924578392, 67.79829690766888, 0.008]}