{"0000.npy": [0.5890421403258741, -0.0109009005542642, 0.12879823488967918, 64.47439950428267, 0.02523241750895977], "0001.npy": [0.590112216770342, -0.011901631461562385, 0.12838815290034952, -37.2868602402246, 0.030506106093525887], "0002.npy": [0.5979220834848464, -0.031093821633931026, 0.12799934630608778, -80.43242953512899, 0.015284573659300804], "0003.npy": [0.567246749788598, -0.01819929242449012, 0.128340648740235, 18.59215347972936, 0.007210856769233942], "0004.npy": [0.5859847716763017, 0.012900473814502053, 0.12874868080798701, -81.3949784192551, 0.004930253140628338], "0005.npy": [0.6201817195460096, -0.007695063227342167, 0.13052835284605188, 15.7126118673701, 0.0052434834651649], "0006.npy": [0.5950133412159119, -0.013790595947883462, 0.12809090534513848, 61.94545943745098, 0.02522191032767296], "0007.npy": [0.5916361837729908, -0.01783347910369021, 0.12824181717084712, -37.016334097474214, 0.025189733132719994]}