{"0006.jpg": [0.6492970457652645, -0.013363453759820444, 0.2153914051807992, -58.40804414916545, 0.008], "0002.jpg": [0.6498149998272921, -0.01420707604005499, 0.2153172844253757, 28.09678050341165, 0.03], "0003.jpg": [0.6464850153116072, -0.01501011421663622, 0.21532487164904696, -59.12159197169797, 0.025], "0007.jpg": [0.6604704623831341, -0.030794957717456477, 0.21550834705430266, 77.22345597569648, 0.008], "0000.jpg": [0.6549376924556588, -0.03105796301343945, 0.21493684696561152, -4.2702689931167015, 0.006], "0001.jpg": [0.6437470023909831, -0.005528632862451446, 0.21584826620301395, -6.397504392426185, 0.007], "0005.jpg": [0.6417521843043349, -0.005121176359512935, 0.21552005531879861, 72.93138794309675, 0.008]}