{"0000.npy": [0.6326077252387196, -0.025333992461028514, 0.12809397106876066, -28.587213264276073, 0.02516872063279152], "0001.npy": [0.638188383015657, -0.024597467404547237, 0.12823661294101382, 54.339954717709475, 0.025219939649105072], "0002.npy": [0.6623115811361613, -0.01855264708512436, 0.12750817234733097, 14.99602254313129, 0.005147609859704971], "0003.npy": [0.630420061186527, -0.05003377331546763, 0.1291253886140495, -75.33797933678633, 0.004905300214886665], "0004.npy": [0.6060919943700723, -0.021233411772993618, 0.12946296189058318, -4.234710295407922, 0.00523757329210639], "0005.npy": [0.639011930107262, 0.00404922300039143, 0.1287862275236768, 88.79659442888442, 0.00526252668350935], "0006.npy": [0.6337757342678106, -0.019263970310185, 0.1279433940877264, -41.63318708833077, 0.0232387762516737], "0007.npy": [0.6396090364075043, -0.018661020225670448, 0.12848865726516953, 44.482085610717775, 0.025143109261989594]}