{"0000.npy": [0.6439151607806394, -0.014640187605733239, 0.12893890687032764, 8.143367425867837, 0.025177257135510445], "0001.npy": [0.6423016055243463, -0.013234226731760246, 0.1284270106734921, -85.67068324202009, 0.024224434047937393], "0002.npy": [0.6604717421972316, 0.006369363532140498, 0.12824843730180183, 50.98164648331874, 0.005240856669843197], "0003.npy": [0.6553484932857097, -0.036510546612864944, 0.1285886046787819, -43.60773835968874, 0.004974250216037035], "0004.npy": [0.6206702777015232, -0.025605860921110446, 0.1291050856132789, 26.5887577243401, 0.005088509991765022], "0005.npy": [0.6286470229762822, 0.010279867169260912, 0.1297168372005769, -50.294586153366225, 0.005204083397984505], "0006.npy": [0.64249051262335, -0.011014240482937698, 0.12838220513187443, 0.16316790672624393, 0.025147706270217896], "0007.npy": [0.6470999000275037, -0.008065635960171201, 0.1293029738386153, 84.4351104011543, 0.027195192873477936]}