{"0000.npy": [0.6124684136576377, 0.031714400206628045, 0.12871085285720735, -25.262930968324497, 0.025204837322235107], "0001.npy": [0.6071217824644601, 0.03364004787823886, 0.12842489423779702, 64.9368082108922, 0.03049756959080696], "0002.npy": [0.5898378152493053, 0.023243165908725747, 0.12786268960051442, 26.636446111367604, 0.0052697500213980675], "0003.npy": [0.6085344160459969, 0.05761098439726057, 0.1283441251411584, -65.81754239983701, 0.004976876545697451], "0004.npy": [0.6378784054597485, 0.03575202462034345, 0.12900751543120542, 2.8576025961084497, 0.004698450211435556], "0005.npy": [0.616883779122425, 0.007852722122876068, 0.12985437677508388, -73.92260747862201, 0.005231006536632776], "0006.npy": [0.613161648663028, 0.03209493617940723, 0.1281688778697756, -27.79105772821032, 0.023166542872786522], "0007.npy": [0.6091054525183756, 0.030271009959595044, 0.12803954524271965, 58.90513673148689, 0.025158213451504707]}