{"0002.jpg": [0.6169818468027907, 0.03803427198033846, 0.21549339782810017, -62.729387255750794, 0.007], "0003.jpg": [0.6149446532476379, 0.042075359360273956, 0.21537415781630864, 26.86709218383038, 0.02], "0000.jpg": [0.617778126073633, 0.0363296126875188, 0.21550565078236858, -57.43276534340447, 0.035]}