{"0006.jpg": [0.6604854006608343, 0.010941835761757519, 0.21561479093368774, -1.0834593366839158, 0.008], "0002.jpg": [0.6647666708268264, 0.014267868025978712, 0.21584602962663893, -89.61578789664276, 0.03], "0003.jpg": [0.6613158235700587, 0.010939742271036387, 0.21516852752539423, 5.884777505802333, 0.035], "0007.jpg": [0.6850707979721993, 0.010024775052126733, 0.21488721007886033, 59.536223097130005, 0.01], "0000.jpg": [0.6816520722339829, 0.014992251815446804, 0.21560270785376562, -29.63428009266886, 0.01], "0001.jpg": [0.6519982292583706, 0.013294408724557213, 0.2159360815951917, 45.902856621903936, 0.01], "0005.jpg": [0.6514323791771418, 0.011682611036630881, 0.21562718650133442, -46.32673484848337, 0.008]}