{"0000.npy": [0.6475304817097567, -0.0030379726850794956, 0.12850355832043694, 34.88704530914936, 0.02522059716284275], "0001.npy": [0.6527271695848793, 0.000838454792884175, 0.12843163325432133, -59.90829626940658, 0.025219283998012543], "0002.npy": [0.6532534138500072, 0.031901417951543394, 0.1275457332935938, 75.71968282431806, 0.005202113185077906], "0003.npy": [0.6708711086025377, -0.008813553950310962, 0.12877717059397734, -6.817645757444552, 0.004961773287504911], "0004.npy": [0.6427595114789808, -0.0230253709612148, 0.1293395714292809, 71.29567969571576, 0.004953236784785986], "0005.npy": [0.6191492959999999, 0.019067283454825123, 0.12785014735872846, -22.437858716365497, 0.005238886456936598], "0006.npy": [0.6487763733745923, 0.00895307897486131, 0.1298259177910887, 28.01923369125268, 0.02519235946238041], "0007.npy": [0.6488100494750322, 0.008563068499399574, 0.12766615131035255, -63.76229650830777, 0.02516740746796131]}