{"0006.jpg": [0.6614500729181336, 0.010472928600283267, 0.21528509465437393, 0.9066381949951392, 0.013], "0002.jpg": [0.6645659060144574, 0.01034297195243491, 0.21529219312137332, 86.89417129425328, 0.033], "0003.jpg": [0.6603885927458426, 0.013481389780882605, 0.21523961514121692, 2.947437557276203, 0.03], "0007.jpg": [0.6915213494551774, 0.014906030331021086, 0.2153183580568823, -45.62294247427076, 0.009], "0000.jpg": [0.6547562993770342, 0.012811131671392527, 0.21609833200770415, 44.04489235230699, 0.01], "0001.jpg": [0.6840208509250474, 0.009620209475402744, 0.2147628561232157, 57.69173583506972, 0.009], "0005.jpg": [0.6458399094412778, 0.011572644242804101, 0.21550813576449324, -41.439034056293934, 0.008]}