{"0000.npy": [0.6555575526374589, -0.008203620179440796, 0.1282917012481149, 37.4982634178221, 0.025254087522625923], "0001.npy": [0.6558798103793739, -0.008562760440770284, 0.1280966840269362, -59.80006730372514, 0.025217970833182335], "0002.npy": [0.6591256603991382, 0.012996946453418116, 0.127825894453419, 76.90025809521836, 0.0052244397811591625], "0003.npy": [0.6766741074436341, -0.01889285082512133, 0.1287924087751485, -12.573557847894222, 0.005098360124975443], "0004.npy": [0.644414445444005, -0.03260927583086722, 0.1287510613681596, 61.84633959302937, 0.004754266701638699], "0005.npy": [0.6299430387789693, 0.008748915795550672, 0.12922449442900277, -17.59021795114336, 0.0052454532124102116], "0006.npy": [0.6507925349446081, -0.006484617501724141, 0.12823822121232775, 23.502712755762275, 0.025149676948785782], "0007.npy": [0.6563577675711832, -0.003689726320490005, 0.12798194153487302, -69.40960925484211, 0.024152856320142746]}