{"0006.jpg": [0.6189060310002918, 0.03802437312418304, 0.21561479093368774, -61.083459336683916, 0.008], "0002.jpg": [0.6138849674826735, 0.040069045716286084, 0.21584602962663893, 30.384212103357243, 0.03], "0003.jpg": [0.6184926325618266, 0.03874458720481658, 0.21516852752539423, -54.11522249419767, 0.035], "0007.jpg": [0.6074075302159622, 0.05977448211277418, 0.21488721007886033, -0.46377690286999496, 0.01], "0000.jpg": [0.6048149320153262, 0.0543300403932471, 0.21560270785376562, -89.63428009266886, 0.01], "0001.jpg": [0.6211122287514826, 0.029497980601976843, 0.2159360815951917, -14.097143378096064, 0.01], "0005.jpg": [0.6227910115356023, 0.029813838900862404, 0.21562718650133442, 73.6732651515166, 0.008]}