{"0006.jpg": [0.6162415504757613, -0.011525685956403402, 0.21561479093368774, 58.916540663316084, 0.008], "0002.jpg": [0.6169813438273875, -0.016896390812727667, 0.21584602962663893, -29.615787896642757, 0.03], "0003.jpg": [0.615824526005002, -0.012243806546315829, 0.21516852752539423, 65.88477750580233, 0.035], "0007.jpg": [0.6031546539487259, -0.03235873423536377, 0.21488721007886033, -60.46377690286997, 0.01], "0000.jpg": [0.6091659778875782, -0.031881769279156764, 0.21560270785376562, 30.365719907331126, 0.01], "0001.jpg": [0.6225225241270341, -0.005351866396996904, 0.2159360815951917, -74.09714337809606, 0.01], "0005.jpg": [0.6214095914241433, -0.004055927007956147, 0.21562718650133442, 13.673265151516631, 0.008]}