{"0000.npy": [0.6366708147792028, -0.02797822407647556, 0.12847104117251726, -24.05494163707806, 0.025263279676437378], "0001.npy": [0.6377728816010486, -0.026222036543810414, 0.12817935645959033, 58.61555186738684, 0.0252035241574049], "0002.npy": [0.6628943898292203, -0.021701128900842085, 0.12761391332455968, 19.487234369031796, 0.005296673160046339], "0003.npy": [0.6303327726067888, -0.05247014103586158, 0.12871398862784802, -80.7221640224682, 0.004796293564140797], "0004.npy": [0.611036088044696, -0.029441500836970554, 0.12881744937354897, -4.038749286598431, 0.004926970228552818], "0005.npy": [0.6405996360429577, -0.002670637628847933, 0.127748900670165, -86.18104055571825, 0.005282226484268904], "0006.npy": [0.6383293001023951, -0.028146123737696885, 0.13026470920783081, -44.754326172762376, 0.026173420250415802], "0007.npy": [0.6373921516459844, -0.030057717246427376, 0.12812086359597644, 41.947293852682094, 0.027172867208719254]}