{"0000.jpg": [0.6064211325355059, 0.01022946768912322, 0.21521788203228107, 359.7758339856672, 2.2961065718035876, 0.16939306774710872, 0.01], "0001.jpg": [0.6002222912286258, 0.012394670425269422, 0.21533716190582267, 358.9866034568735, 1.1880180578298145, 85.07784425086908, 0.03], "0002.jpg": [0.6029249385120706, 0.007152154134490126, 0.21601068000476695, 1.4863407716807444, -2.8934670607930637, -4.215644715232358, 0.03], "0003.jpg": [0.5841129269442144, 0.02868926447041342, 0.21529617813286211, 0.7158038531315469, -3.254948072502804, -51.97979182720372, 0.01], "0004.jpg": [0.5860416045734749, -0.00491863693065456, 0.21487010998988662, 359.27094968375866, -1.371899702724289, 48.135264824048534, 0.009], "0005.jpg": [0.6221569680491781, 0.02540698597573154, 0.215705663750683, 359.25378489915096, -0.651840653907955, 37.103125961055554, 0.009], "0006.jpg": [0.6190136487909536, -0.009328000208408425, 0.2150385957968947, 0.6302194859912618, 1.6919500501800284, -54.63299087752714, 0.0075]}