{"0000.npy": [0.6000981102265622, 0.019798425768034447, 0.12832874425808055, 6.908172639504642, 0.025259995833039284], "0001.npy": [0.5992827082062423, 0.016995349532517263, 0.12822771104817315, 86.75557971409069, 0.024234939366579056], "0002.npy": [0.5856613540318686, 0.0016983602737518668, 0.12792960503176456, 35.93437765435604, 0.005261213518679142], "0003.npy": [0.589909708298122, 0.03863336742715914, 0.12868647641201406, -43.11998453592473, 0.005094420164823532], "0004.npy": [0.6244125051002232, 0.034113412519096165, 0.12971740335278786, 22.476698219797285, 0.00505764689296484], "0005.npy": [0.6143771293407888, -0.009526584637930796, 0.12912668307990463, -52.68313878346426, 0.0051462966948747635], "0006.npy": [0.6001837081059577, 0.015770897699551638, 0.12943444651434324, -7.809462952420304, 0.027189282700419426], "0007.npy": [0.6019798584335545, 0.014779668294853648, 0.12847265252576784, 75.36496227248026, 0.02519235946238041]}